name,smiles,name_id,chebi
"(9Z,11E)-(13S)-13-Hydroxyoctadeca-9,11-dienoic acid",C(CCCCCCC/C=C\C=C\C(CCCCC)O)(=O)[O-],13Shocdcy1829Z11Ea_c,CHEBI:133819
1-Acyl-sn-glycero-3-phosphoethanolamine (n-C14:0),CCCCCCCCCCCCCC(=O)OC[C@@H](O)COP([O-])(=O)OCC[NH3+],1agpe140_c,CHEBI:84299
1-Acyl-sn-glycero-3-phosphoethanolamine (n-C14:0),CCCCCCCCCCCCCC(=O)OC[C@@H](O)COP([O-])(=O)OCC[NH3+],1agpe140_p,CHEBI:84299
1-Acyl-sn-glycero-3-phosphoethanolamine (n-C16:0),[C@@H](COC(=O)CCCCCCCCCCCCCCC)(COP(OCC[NH3+])(=O)[O-])O,1agpe160_c,CHEBI:73004
1-Acyl-sn-glycero-3-phosphoethanolamine (n-C16:0),[C@@H](COC(=O)CCCCCCCCCCCCCCC)(COP(OCC[NH3+])(=O)[O-])O,1agpe160_p,CHEBI:73004
1-Acyl-sn-glycero-3-phosphoethanolamine (n-C18:0),CCCCCCCCCCCCCCCCCC(=O)OC[C@@H](O)COP([O-])(=O)OCC[NH3+],1agpe180_c,CHEBI:75036
1-Acyl-sn-glycero-3-phosphoethanolamine (n-C18:0),CCCCCCCCCCCCCCCCCC(=O)OC[C@@H](O)COP([O-])(=O)OCC[NH3+],1agpe180_p,CHEBI:75036
1-Acyl-sn-glycero-3-phosphoglycerol (n-C14:0),CCCCCCCCCCCCCC(=O)OC[C@@H](O)COP([O-])(=O)OC[C@@H](O)CO,1agpg140_p,CHEBI:72826
1-Acyl-sn-glycero-3-phosphoglycerol (n-C18:0),CCCCCCCCCCCCCCCCCC(=O)OC[C@@H](O)COP([O-])(=O)OC[C@@H](O)CO,1agpg180_p,CHEBI:72827
1-Acyl-sn-glycero-3-phosphoglycerol (n-C18:1),CCCCCCCC\C=C/CCCCCCCC(=O)OC[C@@H](O)COP([O-])(=O)OC[C@@H](O)CO,1agpg181_p,CHEBI:72828
1-dodecanoyl-sn-glycerol 3-phosphate,CCCCCCCCCCCC(=O)OC[C@@H](O)COP(O)(O)=O,1ddecg3p_c,CHEBI:62840
1-dodecanoyl-sn-glycerol 3-phosphate,CCCCCCCCCCCC(=O)OC[C@@H](O)COP(O)(O)=O,1ddecg3p_p,CHEBI:62840
1-octadecanoyl-sn-glycerol 3-phosphate,CCCCCCCCCCCCCCCCCC(=O)OC[C@@H](O)COP([O-])([O-])=O,1odecg3p_c,CHEBI:74565
1-octadecanoyl-sn-glycerol 3-phosphate,CCCCCCCCCCCCCCCCCC(=O)OC[C@@H](O)COP([O-])([O-])=O,1odecg3p_p,CHEBI:74565
L 1 Pyrroline 3 hydroxy 5 carboxylate C5H6NO3,[H][C@]1(C[C@@H](O)C=N1)C(O)=O,1p3h5c_c,CHEBI:6151
1-tetradecanoyl-sn-glycerol 3-phosphate,CCCCCCCCCCCCCC(=O)OC[C@@H](O)COP(O)(O)=O,1tdecg3p_c,CHEBI:62833
1-tetradecanoyl-sn-glycerol 3-phosphate,CCCCCCCCCCCCCC(=O)OC[C@@H](O)COP(O)(O)=O,1tdecg3p_p,CHEBI:62833
"2,3-dehydroadipyl-CoA",CC(C)(COP([O-])(=O)OP([O-])(=O)OC[C@H]1O[C@H]([C@H](O)[C@@H]1OP([O-])([O-])=O)n1cnc2c(N)ncnc12)[C@@H](O)C(=O)NCCC(=O)NCCSC(=O)\C=C/CCC([O-])=O,23dhacoa_c,CHEBI:67261
"2,3-Dihydrodipicolinate",[O-]C(=O)C1CC=CC(=N1)C([O-])=O,23dhdp_c,CHEBI:11421
"2,3-Dimethyl-5-phytylquinol",CC(C)CCC[C@@H](C)CCC[C@@H](C)CCC\C(C)=C\Cc1cc(O)c(C)c(C)c1O,23dmphol_c,CHEBI:75921
"2,4-Dihydroxyhept-2-enedioate",OC(CCC([O-])=O)C=C(O)C([O-])=O,24dhhed_c,CHEBI:58936
2-Acyl-sn-glycero-3-phosphoethanolamine (n-C16:0),P(OC[C@@H](CO)OC(CCCCCCCCCCCCCCC)=O)(=O)(OCCN)O,2agpe160_c,CHEBI:131743
2-Acyl-sn-glycero-3-phosphoethanolamine (n-C16:0),P(OC[C@@H](CO)OC(CCCCCCCCCCCCCCC)=O)(=O)(OCCN)O,2agpe160_p,CHEBI:131743
2-Acyl-sn-glycero-3-phosphoethanolamine (n-C18:0),P(OC[C@@H](CO)OC(CCCCCCCCCCCCCCCCC)=O)(=O)(OCC[NH3+])[O-],2agpe180_c,CHEBI:133144
2-Acyl-sn-glycero-3-phosphoethanolamine (n-C18:0),P(OC[C@@H](CO)OC(CCCCCCCCCCCCCCCCC)=O)(=O)(OCC[NH3+])[O-],2agpe180_p,CHEBI:133144
2-(alpha-Hydroxyethyl)thiamine diphosphate,CC(O)c1sc(CCOP([O-])(=O)OP([O-])([O-])=O)c(C)[n+]1Cc1cnc(C)nc1N,2ahethmpp_c,CHEBI:58939
2-Demethylmenaquinone 8,CC(C)=CCC\C(C)=C\CC\C(C)=C\CC\C(C)=C\CC\C(C)=C\CC\C(C)=C\CC\C(C)=C\CC\C(C)=C\CC1=CC(=O)c2ccccc2C1=O,2dmmq8_c,CHEBI:48455
2-Demethylmenaquinol 8,CC(C)=CCC\C(C)=C\CC\C(C)=C\CC\C(C)=C\CC\C(C)=C\CC\C(C)=C\CC\C(C)=C\CC\C(C)=C\Cc1cc(O)c2ccccc2c1O,2dmmql8_c,CHEBI:61873
2 hydroxy 3 keto 5 methylthiopentenyl 1 phosphate C6H8O6PS,[H]C(OP(O)(O)=O)=C(O)C(=O)CCSC,2h3k5m_c,CHEBI:50605
2 Hydroxybutyrate C4H7O3,CCC(O)C(O)=O,2hb_c,CHEBI:1148
2 Hydroxybutyrate C4H7O3,CCC(O)C(O)=O,2hb_e,CHEBI:1148
2 Hydroxybutyrate C4H7O3,CCC(O)C(O)=O,2hbut_c,CHEBI:1148
2-methyl-3-oxosuccinate,CC(C(O)=O)C(=O)C(O)=O,2m3osuc_c,CHEBI:50793
2-Methyl-6-phytylquinol,CC(C)CCC[C@@H](C)CCC[C@@H](C)CCC\C(C)=C\Cc1cc(O)cc(C)c1O,2m6phol_c,CHEBI:75920
2-Methylcitrate,C[C@H](C([O-])=O)[C@](O)(CC([O-])=O)C([O-])=O,2mcit_c,CHEBI:10860
2-Methylcitrate,C[C@H](C([O-])=O)[C@](O)(CC([O-])=O)C([O-])=O,2mcit_e,CHEBI:10860
2-Octaprenyl-6-hydroxyphenol,OC1=C(C\C=C(\CC\C=C(\CC\C=C(\CC\C=C(\CC\C=C(\CC\C=C(\CC\C=C(\CCC=C(C)C)/C)/C)/C)/C)/C)/C)/C)C=CC=C1O,2ohph_c,CHEBI:1233
"2-Octaprenyl-6-methoxy-1,4-benzoquinol",COc1cc(O)cc(C\C=C(/C)CC\C=C(/C)CC\C=C(/C)CC\C=C(/C)CC\C=C(/C)CC\C=C(/C)CC\C=C(/C)CCC=C(C)C)c1O,2ombzl_c,CHEBI:60655
"2-Octaprenyl-3-methyl-6-methoxy- 1,4-benzoquinol",COc1cc(O)c(C)c(C\C=C(/C)CC\C=C(/C)CC\C=C(/C)CC\C=C(/C)CC\C=C(/C)CC\C=C(/C)CC\C=C(/C)CCC=C(C)C)c1O,2ommbl_c,CHEBI:60656
2-Octaprenyl-6-methoxyphenol,OC1=C(C\C=C(\CC\C=C(\CC\C=C(\CC\C=C(\CC\C=C(\CC\C=C(\CC\C=C(\CCC=C(C)C)/C)/C)/C)/C)/C)/C)/C)C=CC=C1OC,2omph_c,CHEBI:1235
2-oxepin-2(3H)-ylideneacetyl-CoA,CC(C)(COP(O)(=O)OP(O)(=O)OC[C@H]1O[C@H]([C@H](O)[C@@H]1OP(O)(O)=O)n1cnc2c(N)ncnc12)[C@@H](O)C(=O)NCCC(=O)NCCSC(=O)\C=C1\CC=CC=CO1,2oxpaccoa_c,CHEBI:63251
2-phospho-L-lactate,C[C@H](OP(O)(O)=O)C(O)=O,2plac__L_c,CHEBI:45013
2-succinyl-5-enolpyruvyl-6-hydroxy-3-cyclohexene-1-carboxylate,O[C@@H]1[C@@H](OC(=C)C(O)=O)C=C[C@@H]([C@H]1C(O)=O)C(=O)CCC(O)=O,2sephchc_c,CHEBI:50271
"2-Succinyl-6-hydroxy-2,4-cyclohexadiene-1-carboxylate",O[C@@H]1C=CC=C([C@H]1C(O)=O)C(=O)CCC(O)=O,2shchc_c,CHEBI:39564
2-(sulfomethyl)thiazolidine-4-carboxylic acid,OC(=O)[C@@H]1CSC(CS(O)(=O)=O)N1,2tcc_c,CHEBI:73964
2'-(5''-triphosphoribosyl)-3'-dephospho-CoA,CC(C)(COP(O)(=O)OP(O)(=O)OC[C@H]1O[C@H]([C@H](O[C@H]2O[C@H](COP(O)(=O)OP(O)(=O)OP(O)(O)=O)[C@@H](O)[C@H]2O)[C@@H]1O)n1cnc2c(N)ncnc12)[C@@H](O)C(=O)NCCC(=O)NCCS,2tpr3dpcoa_c,CHEBI:11392
"3,4-dihydroxybenzaldehyde",[H]C(=O)c1ccc(O)c(O)c1,34dhbald_c,CHEBI:50205
"3,4-Dihydroxyphenylethyleneglycol",OCC(O)c1ccc(O)c(O)c1,34dhoxpeg_c,CHEBI:1387
"3,4-Dihydroxyphenylethyleneglycol",OCC(O)c1ccc(O)c(O)c1,34dhoxpeg_e,CHEBI:1387
3-acetamidopropanal,[H]C(=O)CCNC(C)=O,3aap_c,CHEBI:30322
3-Aminoacrylate,C(/C=C\N)(=O)O,3amac_c,CHEBI:59893
3 aminobutanoic acid C4H9NO2,NC(CC(=O)O)C,3amba_c,CHEBI:37081
3 aminobutanoic acid C4H9NO2,NC(CC(=O)O)C,3amba_e,CHEBI:37081
3-hydroxy butyryl carnitine,CC(O)CC(=O)OC(CC([O-])=O)C[N+](C)(C)C,3bcrn_c,CHEBI:72995
3-hydroxy butyryl carnitine,CC(O)CC(=O)OC(CC([O-])=O)C[N+](C)(C)C,3bcrn_e,CHEBI:72995
3-Carboxy-3-hydroxy-4-methylpentanoate,C(C(=O)[O-])[C@](C(=O)[O-])(O)C(C)C,3c3hmp_c,CHEBI:1178
3-Carboxy-3-hydroxy-4-methylpentanoate,C(C(=O)[O-])[C@](C(=O)[O-])(O)C(C)C,3c3hmp_e,CHEBI:1178
3-hydroxydodecanoylcarnitine,CCCCCCCCCC(O)CC(=O)OC(CC([O-])=O)C[N+](C)(C)C,3ddcrn_c,CHEBI:73056
3-hydroxydodecanoylcarnitine,CCCCCCCCCC(O)CC(=O)OC(CC([O-])=O)C[N+](C)(C)C,3ddcrn_e,CHEBI:73056
3-hydroxydecanoylcarnitine,CCCCCCCC(O)CC(=O)OC(CCC([O-])=O)[N+](C)(C)C,3deccrn_c,CHEBI:73051
3-hydroxydecanoylcarnitine,CCCCCCCC(O)CC(=O)OC(CCC([O-])=O)[N+](C)(C)C,3deccrn_e,CHEBI:73051
3-keto-L-gulonate-6-phosphate,O[C@@H](COP(O)(O)=O)[C@@H](O)C(=O)[C@H](O)C(O)=O,3dhgulnp_c,CHEBI:49039
"3-D-Glucosyl-1,2-diacylglycerol",OC[C@H]1O[C@@H](OC[C@@H](COC([*])=O)OC([*])=O)[C@H](O)[C@@H](O)[C@@H]1O,3g12dgr_SA2_c,CHEBI:75799
3-hydroxycinnamic acid,OC(=O)\C=C\c1cccc(O)c1,3hcinnm_c,CHEBI:32357
3-hydroxycinnamic acid,OC(=O)\C=C\c1cccc(O)c1,3hcinnm_e,CHEBI:32357
3-hydroxycinnamic acid,OC(=O)\C=C\c1cccc(O)c1,3hcinnm_p,CHEBI:32357
3-hydroxyhexadecanoylcarnitine,CCCCCCCCCCCCCC(O)CC(=O)OC(CC([O-])=O)C[N+](C)(C)C,3hexdcrn_c,CHEBI:73070
3-hydroxyhexadecanoylcarnitine,CCCCCCCCCCCCCC(O)CC(=O)OC(CC([O-])=O)C[N+](C)(C)C,3hexdcrn_e,CHEBI:73070
(R)-3-Hydroxy-3-methyl-2-oxopentanoate,CC[C@@](C)(O)C(=O)C(O)=O,3hmop_c,CHEBI:34008
(S)-3-Hydroxyoctadecanoyl-CoA,CCCCCCCCCCCCCCC[C@H](O)CC(=O)SCCNC(=O)CCNC(=O)[C@H](O)C(C)(C)COP(O)(=O)OP(O)(=O)OC[C@H]1O[C@H]([C@H](O)[C@@H]1OP(O)(O)=O)n1cnc2c(N)ncnc12,3hodcoa_c,CHEBI:50577
3-(3-hydroxy-phenyl)propionate,OC(=O)CCc1cccc(O)c1,3hpppn_c,CHEBI:1427
3-(3-hydroxy-phenyl)propionate,OC(=O)CCc1cccc(O)c1,3hpppn_e,CHEBI:1427
3-(3-hydroxy-phenyl)propionate,OC(=O)CCc1cccc(O)c1,3hpppn_p,CHEBI:1427
C'-(3-Indolyl)-glycerol 3-phosphate,O[C@H](COP(O)(O)=O)[C@@H](O)c1c[nH]c2ccccc12,3ig3p_c,CHEBI:51793
3-Methoxytyramine,C1(=CC(=CC=C1O)CCN)OC,3moxtyr_c,CHEBI:1582
3-Methoxytyramine,C1(=CC(=CC=C1O)CCN)OC,3moxtyr_e,CHEBI:1582
3 Methylthiopropionate C4H7O2S,CSCCC(O)=O,3mtp_c,CHEBI:1438
3 Methylthiopropionate C4H7O2S,CSCCC(O)=O,3mtp_e,CHEBI:1438
3 Nitrotyramine C8H15N2,NCCc1ccc(O)c(c1)[N+]([O-])=O,3ntym_e,CHEBI:71233
3 Nitrotyramine C8H15N2,NCCc1ccc(O)c(c1)[N+]([O-])=O,3ntym_p,CHEBI:71233
3-Oxohexadecanoyl-[acyl-carrier protein],CCCCCCCCCCCCCC(=O)CC(=O)S[*],3opalmACP_c,CHEBI:1639
3-Octaprenyl-4-hydroxybenzoate,CC(C)=CCC\C(C)=C\CC\C(C)=C\CC\C(C)=C\CC\C(C)=C\CC\C(C)=C\CC\C(C)=C\CC\C(C)=C\Cc1cc(ccc1O)C([O-])=O,3ophb_c,CHEBI:1617
"3-oxo-5,6-dehydrosuberyl-CoA",[H]C(CC(O)=O)=C([H])CC(=O)CC(=O)SCCNC(=O)CCNC(=O)[C@H](O)C(C)(C)COP(O)(=O)OP(O)(=O)OC[C@H]1O[C@H]([C@H](O)[C@@H]1OP(O)(O)=O)n1cnc2c(N)ncnc12,3oxdhscoa_c,CHEBI:63253
3-hydroxy-tetradecanoyl carnitine,CCCCCCCCCCCC(O)CC(=O)OC(CC([O-])=O)C[N+](C)(C)C,3tdcrn_c,CHEBI:73063
3-hydroxy-tetradecanoyl carnitine,CCCCCCCCCCCC(O)CC(=O)OC(CC([O-])=O)C[N+](C)(C)C,3tdcrn_e,CHEBI:73063
3-Ureidoisobutyrate,CC(CNC(N)=O)C(O)=O,3uib_c,CHEBI:1670
3-Ureidoisobutyrate,CC(CNC(N)=O)C(O)=O,3uib_e,CHEBI:1670
[4Fe-4S] iron-sulfur cluster,[S]12[Fe]3[S]4[Fe]1[S]1[Fe]2[S]3[Fe]41,4fe4s_c,CHEBI:33725
4-Hydroxy-2-ketopimelate,OC(CCC([O-])=O)CC(=O)C([O-])=O,4h2kpi_c,CHEBI:73036
4 Hydroxy 3 Nitro Phenylacetaldehyde C8H11NO,[H]C(=O)Cc1ccc(O)c(c1)[N+]([O-])=O,4h3npacald_c,CHEBI:71235
4 Hydroxy 3 Nitro Phenylacetaldehyde C8H11NO,[H]C(=O)Cc1ccc(O)c(c1)[N+]([O-])=O,4h3npacald_p,CHEBI:71235
4-Hydroxy-benzyl alcohol,OCc1ccc(O)cc1,4hba_c,CHEBI:67410
4-Hydroxy-benzyl alcohol,OCc1ccc(O)cc1,4hba_e,CHEBI:67410
4-Hydroxy-benzyl alcohol,OCc1ccc(O)cc1,4hba_p,CHEBI:67410
4-Hydroxyphenylacetate,CC(=O)Oc1ccc(O)cc1,4hphac_c,CHEBI:31128
4-Hydroxyphenylacetate,CC(=O)Oc1ccc(O)cc1,4hphac_e,CHEBI:31128
4-Hydroxyphenylacetate,CC(=O)Oc1ccc(O)cc1,4hphac_p,CHEBI:31128
4-Imidazolone-5-propanoate,OC(=O)CC[C@@H]1NC=NC1=O,4izp_c,CHEBI:11041
D-4'-Phosphopantothenate,CC(C)(COP([O-])([O-])=O)[C@@H](O)C(=O)NCCC([O-])=O,4ppan_c,CHEBI:10986
"5,6-Indolequinone-2-carboxylic acid",OC(=O)C1=CC2=CC(=O)C(=O)C=C2N1,56iqcrbxlt_c,CHEBI:81394
5-Amino-4-oxopentanoate,NCC(=O)CCC([O-])=O,5aop_c,CHEBI:12109
5-Amino-4-oxopentanoate,NCC(=O)CCC([O-])=O,5aop_e,CHEBI:12109
5-phosphoribosyl-5-carboxyaminoimidazole,O[C@@H]1[C@@H](COP(O)(O)=O)O[C@H]([C@@H]1O)n1cncc1NC(O)=O,5caiz_c,CHEBI:48000
5'-deoxyribose,C[C@@H](O)[C@@H](O)[C@@H](O)C=O,5drib_c,CHEBI:62012
5'-deoxyribose,C[C@@H](O)[C@@H](O)[C@@H](O)C=O,5drib_e,CHEBI:62012
5-Fluorouridine monophosphate,O[C@H]1[C@@H](O)[C@@H](O[C@@H]1COP(O)(O)=O)n1cc(F)c(=O)[nH]c1=O,5flurimp_c,CHEBI:40101
"5-Hydroxy-2-oxo-4-ureido-2,5-dihydro-1H-imidazole-5-carboxylate",NC(=O)NC1=NC(=O)NC1(O)C(O)=O,5houdic_c,CHEBI:31132
5-Phosphoguanylyl(3->5)guanosine,Nc1nc2n(cnc2c(=O)[nH]1)[C@@H]1O[C@H](COP(O)(=O)O[C@@H]2[C@@H](COP(O)(O)=O)O[C@H]([C@@H]2O)n2cnc3c2nc(N)[nH]c3=O)[C@@H](O)[C@H]1O,5pg35pg_c,CHEBI:48622
6-Mercaptopurine,Sc1ncnc2nc[nH]c12,6mpur_c,CHEBI:2208
6-Mercaptopurine,Sc1ncnc2nc[nH]c12,6mpur_e,CHEBI:2208
8-Amino-7-oxononanoate,CC(N)C(=O)CCCCCC([O-])=O,8aonn_c,CHEBI:12266
8-Amino-7-oxononanoate,CC(N)C(=O)CCCCCC([O-])=O,8aonn_e,CHEBI:12266
Acyl phosphatidylinositol mannoside (tuberculosis),O=P([O-])(O[C@@H]1[C@@H]([C@@H]([C@H]([C@@H]([C@H]1O)O)O)O)O[C@@H]2[C@H]([C@H]([C@@H]([C@H](O2)COC(*)=O)O)O)O)OC[C@@H](COC(*)=O)OC(*)=O,Ac1PIM1_c,CHEBI:88053
Neurotensin,[C@@H]1(N(C([C@@H](NC([C@@H](NC([C@@H](NC([C@H](CC2=CC=C(O)C=C2)NC([C@@H](NC([C@H]3NC(=O)CC3)=O)CC(C)C)=O)=O)CCC(O)=O)=O)CC(N)=O)=O)CCCCN)=O)CCC1)C(N[C@H](C(N[C@H](C(N4[C@H](C(N[C@@H](CC=5C=CC(=CC5)O)C(=O)N[C@@H]([C@@H](C)CC)C(=O)N[C@@H](CC(C)C)C(=O)O)=O)CCC4)=O)CCCNC(N)=N)=O)CCCNC(N)=N)=O,C01836_c,CHEBI:7542
Xanthurenic acid,OC(=O)c1cc(O)c2cccc(O)c2n1,C02470_c,CHEBI:10072
Xanthurenic acid,OC(=O)c1cc(O)c2cccc(O)c2n1,C02470_e,CHEBI:10072
Thyrotropin releasing hormone,NC(=O)[C@@H]1CCCN1C(=O)[C@H](Cc1cnc[nH]1)NC(=O)[C@@H]1CCC(=O)N1,C03958_e,CHEBI:35940
C04051,NC(=O)c1nc[nH]c1N,C04051_c,CHEBI:2030
"Androst-5-ene-3beta,17beta-diol",[H][C@@]12CC[C@H](O)[C@@]1(C)CC[C@@]1([H])[C@@]2([H])CC=C2C[C@@H](O)CC[C@]12C,C04295_c,CHEBI:2710
2-Hydroxyestrone,[H][C@]12CC[C@]3(C)C(=O)CC[C@@]3([H])[C@]1([H])CCc1cc(O)c(O)cc21,C05298_c,CHEBI:1156
2-Hydroxyestrone,[H][C@]12CC[C@]3(C)C(=O)CC[C@@]3([H])[C@]1([H])CCc1cc(O)c(O)cc21,C05298_e,CHEBI:1156
2-Methoxyestrone,[H][C@]12CC[C@]3(C)C(=O)CC[C@@]3([H])[C@]1([H])CCc1cc(O)c(OC)cc21,C05299_c,CHEBI:1189
2-Methoxyestrone,[H][C@]12CC[C@]3(C)C(=O)CC[C@@]3([H])[C@]1([H])CCc1cc(O)c(OC)cc21,C05299_e,CHEBI:1189
Prostaglandin J2,C1=CC([C@@H]([C@H]1C/C=C\CCCC([O-])=O)/C=C/[C@@H](O)CCCCC)=O,C05957_c,CHEBI:133396
Prostaglandin J2,C1=CC([C@@H]([C@H]1C/C=C\CCCC([O-])=O)/C=C/[C@@H](O)CCCCC)=O,C05957_e,CHEBI:133396
Hordenine,CN(C)CCc1ccc(O)cc1,C06199_c,CHEBI:5764
Lipoxin A4(1-),CCCCC[C@H](O)\C=C\C=C/C=C/C=C/[C@@H](O)[C@@H](O)CCCC(O)=O,C06314_c,CHEBI:6498
Lipoxin A4(1-),CCCCC[C@H](O)\C=C\C=C/C=C/C=C/[C@@H](O)[C@@H](O)CCCC(O)=O,C06314_e,CHEBI:6498
Lipoxin B4(1-),CCCCC[C@H](O)[C@H](O)\C=C\C=C\C=C/C=C/[C@@H](O)CCCC(O)=O,C06315_c,CHEBI:6499
Lipoxin B4(1-),CCCCC[C@H](O)[C@H](O)\C=C\C=C\C=C/C=C/[C@@H](O)CCCC(O)=O,C06315_e,CHEBI:6499
Nordazepam,Clc1ccc2NC(=O)CN=C(c3ccccc3)c2c1,C07486_c,CHEBI:111762
3-(methylthio)propionate,CSCCC(O)=O,C08276_c,CHEBI:1438
Harman,Cc1nccc2c3ccccc3[nH]c12,C09209_c,CHEBI:5623
Anandamide,CCCCC\C=C/C\C=C/C\C=C/C\C=C/CCCC(=O)NCCO,C11695_c,CHEBI:2700
Anandamide,CCCCC\C=C/C\C=C/C\C=C/C\C=C/CCCC(=O)NCCO,C11695_e,CHEBI:2700
"5,6-EET",C(CCC)C/C=C\C/C=C\C/C=C\CC1C(CCCC([O-])=O)O1,C14768_c,CHEBI:131992
"5,6-EET",C(CCC)C/C=C\C/C=C\C/C=C\CC1C(CCCC([O-])=O)O1,C14768_e,CHEBI:131992
"8,9-EET",CCCCC\C=C/C\C=C/CC1OC1C\C=C/CCCC(O)=O,C14769_c,CHEBI:34490
"8,9-EET",CCCCC\C=C/C\C=C/CC1OC1C\C=C/CCCC(O)=O,C14769_e,CHEBI:34490
"11,12-EET",CCCCC\C=C/CC1OC1C\C=C/C\C=C/CCCC(O)=O,C14770_c,CHEBI:34130
"11,12-EET",CCCCC\C=C/CC1OC1C\C=C/C\C=C/CCCC(O)=O,C14770_e,CHEBI:34130
"14,15-EET",CCCCCC1OC1C\C=C/C\C=C/C\C=C/CCCC(O)=O,C14771_c,CHEBI:34157
"14,15-EET",CCCCCC1OC1C\C=C/C\C=C/C\C=C/CCCC(O)=O,C14771_e,CHEBI:34157
9(10)-EpOME,CCCCC\C=C/CC1OC1CCCCCCCC(O)=O,C14825_c,CHEBI:34494
9(10)-EpOME,CCCCC\C=C/CC1OC1CCCCCCCC(O)=O,C14825_e,CHEBI:34494
12(13)-EpOME,CCCCCC1OC1C\C=C/CCCCCCCC(O)=O,C14826_c,CHEBI:38299
12(13)-EpOME,CCCCCC1OC1C\C=C/CCCCCCCC(O)=O,C14826_e,CHEBI:38299
Alloxan,O=C1NC(=O)C(=O)C(=O)N1,CE0074_c,CHEBI:76451
Alloxan,O=C1NC(=O)C(=O)C(=O)N1,CE0074_e,CHEBI:76451
6-oxo-prostaglandin F1alpha,[C@H]1([C@@H](CC(CCCCC(=O)[O-])=O)[C@H](C[C@H]1O)O)/C=C/[C@H](CCCCC)O,CE0955_c,CHEBI:133451
6-oxo-prostaglandin F1alpha,[C@H]1([C@@H](CC(CCCCC(=O)[O-])=O)[C@H](C[C@H]1O)O)/C=C/[C@H](CCCCC)O,CE0955_e,CHEBI:133451
12S-HHT,CCCCC[C@H](O)\C=C\C=C\C\C=C/CCCC(O)=O,CE1243_c,CHEBI:63977
12S-HHT,CCCCC[C@H](O)\C=C\C=C\C\C=C/CCCC(O)=O,CE1243_e,CHEBI:63977
Homocysteine thiolactone,N[C@H]1CCSC1=O,CE1401_c,CHEBI:60315
Homocysteine thiolactone,N[C@H]1CCSC1=O,CE1401_e,CHEBI:60315
11-dehydrothromboxane B2,C1[C@@H]([C@@H]([C@H](OC1=O)/C=C/[C@H](CCCCC)O)C/C=C\CCCC(=O)[O-])O,CE1447_c,CHEBI:136539
11-dehydrothromboxane B2,C1[C@@H]([C@@H]([C@H](OC1=O)/C=C/[C@H](CCCCC)O)C/C=C\CCCC(=O)[O-])O,CE1447_e,CHEBI:136539
N-acetyl-L-alanine,O=C([O-])[C@@H](NC(=O)C)C,CE1554_c,CHEBI:133520
"5,6-indolequinone-2-carboxylate",OC(=O)C1=CC2=CC(=O)C(=O)C=C2N1,CE1562_c,CHEBI:81394
Deoxycholoyl-CoA,[H][C@@](C)(CCC(=O)SCCNC(=O)CCNC(=O)[C@H](O)C(C)(C)COP(O)(=O)OP(O)(=O)OC[C@H]1O[C@H]([C@H](O)[C@@H]1OP(O)(O)=O)n1cnc2c(N)ncnc12)[C@@]1([H])CC[C@@]2([H])[C@]3([H])CC[C@]4([H])C[C@H](O)CC[C@]4(C)[C@@]3([H])C[C@H](O)[C@]12C,CE1589_c,CHEBI:50111
9-cis-retinoate,CC(\C=C\C1=C(C)CCCC1(C)C)=C\C=C\C(C)=C\C(O)=O,CE1617_c,CHEBI:50648
9-cis-retinoate,CC(\C=C\C1=C(C)CCCC1(C)C)=C\C=C\C(C)=C\C(O)=O,CE1617_e,CHEBI:50648
1-pyrrolinium,C1CC=NC1,CE1944_c,CHEBI:19092
4-hydroxy-2-nonenal,[H]C(=CC=O)C(O)CCCCC,CE2006_c,CHEBI:32585
4-hydroxy-2-nonenal,[H]C(=CC=O)C(O)CCCCC,CE2006_e,CHEBI:32585
Hypothiocyanite,C(#N)SO,CE2011_c,CHEBI:133907
Hypothiocyanite,C(#N)SO,CE2011_e,CHEBI:133907
Beta-hydroxy-beta-methylbutyrate,CC(C)(O)CC(O)=O,CE2028_c,CHEBI:37084
Beta-hydroxy-beta-methylbutyrate,CC(C)(O)CC(O)=O,CE2028_e,CHEBI:37084
"9,10-hydroxyoctadec-12(Z)-enoate",CCCCC\C=C/CC(O)C(O)CCCCCCCC(O)=O,CE2047_c,CHEBI:72663
"9,10-hydroxyoctadec-12(Z)-enoate",CCCCC\C=C/CC(O)C(O)CCCCCCCC(O)=O,CE2047_e,CHEBI:72663
20-oxo-leukotriene B4,O[C@@H](CCCC(O)=O)\C=C/C=C/C=C/[C@H](O)C\C=C/CCCCC=O,CE2053_c,CHEBI:63979
20-dihydroxyleukotriene B4,C([C@H](/C=C/C=C/C=C\[C@H](CCCC([O-])=O)O)O)/C=C\CCCCC(O)O,CE2056_c,CHEBI:133437
Methyl indole-3-acetate,COC(=O)Cc1c[nH]c2ccccc12,CE2122_c,CHEBI:72782
3-O-methyldopa,O=C([O-])[C@@H]([NH3+])CC=1C=C(C(=CC1)O)OC,CE2176_c,CHEBI:133668
3-O-methyldopa,O=C([O-])[C@@H]([NH3+])CC=1C=C(C(=CC1)O)OC,CE2176_e,CHEBI:133668
4-hydroxyestrone,C[C@]12CC[C@H]3[C@@H](CCc4c(O)c(O)ccc34)[C@@H]1CCC2=O,CE2180_c,CHEBI:87602
"23S,25-dihydroxyvitamin D3",[H][C@@]1(CC[C@@]2([H])\C(CCC[C@]12C)=C\C=C1\C[C@@H](O)CCC1=C)[C@H](C)C[C@H](O)CC(C)(C)O,CE2201_c,CHEBI:47214
"23S,25,26-trihydroxyvitamin D3",[H][C@@]1(CC[C@@]2([H])\C(CCC[C@]12C)=C\C=C1\C[C@@H](O)CCC1=C)[C@H](C)C[C@H](O)CC(C)(O)CO,CE2202_c,CHEBI:47803
"24-oxo-1alpha,25-dihydroxyvitamin D3",[H][C@@]1(CC[C@@]2([H])\C(CCC[C@]12C)=C\C=C1\C[C@@H](O)C[C@H](O)C1=C)[C@H](C)CCC(=O)C(C)(C)O,CE2206_c,CHEBI:47812
"24-oxo-1alpha,23,25-trihydroxyvitamin D3",[H][C@@]1(CC[C@@]2([H])\C(CCC[C@]12C)=C\C=C1\C[C@@H](O)C[C@H](O)C1=C)[C@H](C)CC(O)C(=O)C(C)(C)O,CE2207_c,CHEBI:47813
Allopregnanolone,[H][C@@]12CC[C@@]3([H])[C@]4([H])CC[C@]([H])(C(C)=O)[C@@]4(C)CC[C@]3([H])[C@@]1(C)CC[C@H](O)C2,CE2211_c,CHEBI:11909
Allopregnanolone,[H][C@@]12CC[C@@]3([H])[C@]4([H])CC[C@]([H])(C(C)=O)[C@@]4(C)CC[C@]3([H])[C@@]1(C)CC[C@H](O)C2,CE2211_e,CHEBI:11909
Trans-docos-2-enoyl-CoA,CCCCCCCCCCCCCCCCCCC\C=C\C(=O)SCCNC(=O)CCNC(=O)[C@H](O)C(C)(C)COP([O-])(=O)OP([O-])(=O)OC[C@H]1O[C@H]([C@H](O)[C@@H]1OP([O-])([O-])=O)n1cnc2c(N)ncnc12,CE2242_c,CHEBI:74692
6-trans-leukotriene B4,CCCCC\C=C/C[C@@H](O)\C=C\C=C\C=C\[C@@H](O)CCCC(O)=O,CE2445_c,CHEBI:63981
6-trans-leukotriene B4,CCCCC\C=C/C[C@@H](O)\C=C\C=C\C=C\[C@@H](O)CCCC(O)=O,CE2445_e,CHEBI:63981
15-epi-lipoxin A4,CCCCC[C@H](O)\C=C\C=C/C=C/C=C/[C@H](O)[C@@H](O)CCCC(O)=O,CE2568_c,CHEBI:63990
15-epi-lipoxin B4,CCCCC[C@@H](O)[C@H](O)\C=C\C=C\C=C/C=C/[C@@H](O)CCCC(O)=O,CE2569_c,CHEBI:63991
4-oxo-2-nonenal,CCCCCC(=O)\C=C\C=O,CE2577_c,CHEBI:58972
Fructoseglycine,[H][C@@](O)(CO)[C@@]([H])(O)[C@]([H])(O)C(=O)CNCC(O)=O,CE2847_c,CHEBI:24108
3'-monoiodo-L-thyronine,NC(Cc1ccc(Oc2ccc(O)cc2)cc1)C(O)=O,CE2874_c,CHEBI:30661
Apelin-13,N(C(=O)[C@H]1N(CCC1)C([C@H](CCSC)NC(=O)[C@H]2N(CCC2)C(=O)CNC([C@H](CCCCN)NC([C@H](CC3=CN=CN3)NC([C@H](CO)NC([C@H](CC(C)C)NC([C@H](CCCNC(=N)N)NC(=O)[C@H]4N(CCC4)C([C@H](CCCNC(=N)N)NC([C@H](CCC(=O)N)N)=O)=O)=O)=O)=O)=O)=O)=O)[C@H](C(=O)O)CC=5C=CC=CC5,CE2917_c,CHEBI:80131
Apelin-13,N(C(=O)[C@H]1N(CCC1)C([C@H](CCSC)NC(=O)[C@H]2N(CCC2)C(=O)CNC([C@H](CCCCN)NC([C@H](CC3=CN=CN3)NC([C@H](CO)NC([C@H](CC(C)C)NC([C@H](CCCNC(=N)N)NC(=O)[C@H]4N(CCC4)C([C@H](CCCNC(=N)N)NC([C@H](CCC(=O)N)N)=O)=O)=O)=O)=O)=O)=O)=O)[C@H](C(=O)O)CC=5C=CC=CC5,CE2917_e,CHEBI:80131
O-methylhippurate,Cc1ccccc1C(=O)NCC(O)=O,CE2934_c,CHEBI:68455
O-methylhippurate,Cc1ccccc1C(=O)NCC(O)=O,CE2934_e,CHEBI:68455
"All-trans-3,4-didehydroretinoate",C1(C)(C)CC=CC(=C1/C=C/C(=C/C=C/C(=C/C(=O)[O-])/C)/C)C,CE2955_c,CHEBI:132260
Sorbitol 3-phosphate,[H][C@@](O)(CO)[C@@]([H])(O)[C@]([H])(OP(O)(O)=O)[C@@]([H])(O)CO,CE3075_c,CHEBI:21092
Beta-carboline,c1ccc2c(c1)[nH]c1cnccc21,CE3087_c,CHEBI:109895
1-lyso-2-arachidonoyl-phosphatidate,CCCCC\C=C/C\C=C/C\C=C/C\C=C/CCCC(=O)O[C@H](CO)COP([O-])([O-])=O,CE3481_c,CHEBI:78209
20-trihydroxy-leukotriene-B4,C([C@H](/C=C/C=C/C=C\[C@H](CCCC([O-])=O)O)O)/C=C\CCCCC(O)(O)O,CE3554_c,CHEBI:133434
Hypochlorous acid,OCl,CE4633_c,CHEBI:24757
Hypochlorous acid,OCl,CE4633_e,CHEBI:24757
"2E,7Z,10Z,13Z,16Z-docosapentaenoyl-CoA",CCCCC\C=C/C\C=C/C\C=C/C\C=C/CCC\C=C\C(=O)SCCNC(=O)CCNC(=O)[C@H](O)C(C)(C)COP([O-])(=O)OP([O-])(=O)OC[C@H]1O[C@H]([C@H](O)[C@@H]1OP([O-])([O-])=O)n1cnc2c(N)ncnc12,CE4835_c,CHEBI:76416
N-acetyl-leukotriene E4,[C@@H](/C=C/C=C/C=C\C/C=C\CCCCC)([C@H](CCCC(O)=O)O)SCC(C(O)=O)NC(C)=O,CE4936_c,CHEBI:7210
Isovalerylglycine,C(CNC(=O)CC(C)C)(=O)[O-],CE4968_c,CHEBI:133611
Isovalerylglycine,C(CNC(=O)CC(C)C)(=O)[O-],CE4968_e,CHEBI:133611
Isobutyrylglycine,C(CNC(=O)C(C)C)(=O)[O-],CE4969_c,CHEBI:133610
Isobutyrylglycine,C(CNC(=O)C(C)C)(=O)[O-],CE4969_e,CHEBI:133610
2-methylbutyrylglycine,CCC(C)C(=O)NCC(O)=O,CE4970_c,CHEBI:86366
2-methylbutyrylglycine,CCC(C)C(=O)NCC(O)=O,CE4970_e,CHEBI:86366
"10,11-dihydro-leukotriene B4",C([C@H](CC/C=C/C=C\[C@H](CCCC([O-])=O)O)O)/C=C\CCCCC,CE4987_c,CHEBI:133324
12-oxo-leukotriene B4,C(C(/C=C/C=C/C=C\[C@H](CCCC([O-])=O)O)=O)/C=C\CCCCC,CE4990_c,CHEBI:133309
"10,11-dihydro-12R-hydroxy-leukotriene C4",C([C@H](NC(CC[C@@H](C(=O)[O-])[NH3+])=O)C(NCC(=O)[O-])=O)S[C@H](\C=C\C=C\C[C@@H](C/C=C\CCCCC)O)[C@@H](O)CCCC(=O)[O-],CE4993_c,CHEBI:133441
(2R)-pristanoyl-CoA,CC(C)CCCC(C)CCCC(C)CCC[C@@H](C)C(=O)SCCNC(=O)CCNC(=O)[C@H](O)C(C)(C)COP([O-])(=O)OP([O-])(=O)OC[C@H]1O[C@H]([C@H](O)[C@@H]1OP([O-])([O-])=O)n1cnc2c(N)ncnc12,CE5126_c,CHEBI:77275
12-oxo-20-hydroxy-leukotriene B4,C(C(/C=C/C=C/C=C\[C@H](CCCC([O-])=O)O)=O)/C=C\CCCCCO,CE5138_c,CHEBI:133346
"12,20-dioxo-leukotriene B4",C(C(/C=C/C=C/C=C\[C@H](CCCC([O-])=O)O)=O)/C=C\CCCCC=O,CE5141_c,CHEBI:133436
11-cis-eicosenoyl-CoA,CCCCCCCC\C=C/CCCCCCCCCC(=O)SCCNC(=O)CCNC(=O)[C@H](O)C(C)(C)COP([O-])(=O)OP([O-])(=O)OC[C@H]1O[C@H]([C@H](O)[C@@H]1OP([O-])([O-])=O)n1cnc2c(N)ncnc12,CE5151_c,CHEBI:74069
"Estrone-3,4-quinone",C[C@]12CC[C@H]3[C@@H](CCC4=C3C=CC(=O)C4=O)[C@@H]1CCC2=O,CE5251_c,CHEBI:87263
"Estrone-2,3-quinone",C[C@]12CC[C@H]3[C@@H](CCC4=CC(=O)C(=O)C=C34)[C@@H]1CCC2=O,CE5252_c,CHEBI:87262
Dopamine o-quinone,NCCC1=CC(=O)C(=O)C=C1,CE5276_c,CHEBI:74684
15-deoxy-PGD2,CCCCC\C=C\C=C1\C=C[C@H](O)[C@@H]1C\C=C/CCCC(O)=O,CE5304_c,CHEBI:63999
15-deoxy-PGD2,CCCCC\C=C\C=C1\C=C[C@H](O)[C@@H]1C\C=C/CCCC(O)=O,CE5304_e,CHEBI:63999
(R)-2-hydroxy-4-methylpentanoate,CC(C)C[C@@H](O)C(O)=O,CE5456_c,CHEBI:55534
12-oxo-c-LTB3,C([C@H](NC(CC[C@@H](C(=O)[O-])[NH3+])=O)C(NCC(=O)[O-])=O)S[C@H](\C=C\C=C\CC(C/C=C\CCCCC)=O)[C@@H](O)CCCC(=O)[O-],CE5531_c,CHEBI:133440
"N-[(E)-4-ammoniobutylidene]propane-1,3-diaminium",NCCC\C=N\CCCN,CE5586_c,CHEBI:48007
Peroxynitrite,[O-]ON=O,CE5643_c,CHEBI:25941
Peroxynitrite,[O-]ON=O,CE5643_e,CHEBI:25941
Lipoyl-AMP(1-),Nc1ncnc2n(cnc12)[C@@H]1O[C@H](COP(O)(=O)OC(=O)CCCCC2CCSS2)[C@@H](O)[C@H]1O,CE5656_c,CHEBI:55451
15-oxo-lipoxin A4,CCCCCC(=O)\C=C\C=C/C=C/C=C/[C@@H](O)[C@@H](O)CCCC(O)=O,CE5661_c,CHEBI:63992
"13,14-dihydro-15-oxo-lipoxin A4",CCCCCC(=O)CC\C=C/C=C/C=C/[C@@H](O)[C@@H](O)CCCC(O)=O,CE5662_c,CHEBI:63993
Leukoaminochrome,Oc1cc2CCNc2cc1O,CE5665_c,CHEBI:74683
Prostaglandin PGE2 1-glyceryl ester,C(\[C@H]1[C@@H](CC([C@@H]1C/C=C\CCCC(=O)OCC(CO)O)=O)O)=C/[C@H](CCCCC)O,CE5726_c,CHEBI:90230
N-retinylidene-N-retinylethanolamine,CC(\C=C\C1=C(C)CCCC1(C)C)=C/C=C/C(C)=C/c1cc(\C=C\C=C(C)\C=C\C2=C(C)CCCC2(C)C)cc[n+]1CCO,CE5747_c,CHEBI:71980
13'-hydroxy-alpha-tocopherol,CC(CO)CCC[C@@H](C)CCC[C@@H](C)CCC[C@]1(C)CCc2c(C)c(O)c(C)c(C)c2O1,CE5842_c,CHEBI:84962
L-leucyl-L-serine,CC(C)C[C@H](N)C(=O)N[C@@H](CO)C(O)=O,CE5865_c,CHEBI:73523
Lysyl-proline,NCCCC[C@H](N)C(=O)N1CCC[C@H]1C(O)=O,CE5869_c,CHEBI:74567
Lysyl-proline,NCCCC[C@H](N)C(=O)N1CCC[C@H]1C(O)=O,CE5869_e,CHEBI:74567
"10,11-dihydro-20-dihydroxy-LTB4",C([C@H](CC/C=C/C=C\[C@H](CCCC([O-])=O)O)O)/C=C\CCCCC(O)O,CE5945_c,CHEBI:133322
"10,11-dihydro-20-trihydroxy-leukotriene B4",C([C@H](CC/C=C/C=C\[C@H](CCCC([O-])=O)O)O)/C=C\CCCCC(O)(O)O,CE5946_c,CHEBI:133323
Nitrosoperoxycarbonate,[O-]C(=O)OON=O,CE6000_c,CHEBI:62726
Prostaglandin G1,C(C[C@H]1[C@@H]2C[C@H]([C@@H]1/C=C/[C@H](CCCCC)OO)OO2)CCCCC([O-])=O,CE6232_c,CHEBI:133084
Prostaglandin H1,C1[C@H]2[C@@H]([C@H]([C@@H]1OO2)/C=C/[C@H](CCCCC)O)CCCCCCC([O-])=O,CE6234_c,CHEBI:90793
"12,20-DiHETE",C(=C\C(C/C=C\CCCCCO)O)/C=C\C/C=C\CCCC(=O)[O-],CE6251_c,CHEBI:90719
15(R)-HEPE,C(\CC)=C\C[C@H](/C=C/C=C\C/C=C\C/C=C\CCCC(=O)[O-])O,CE7081_c,CHEBI:90819
15(R)-HEPE,C(\CC)=C\C[C@H](/C=C/C=C\C/C=C\C/C=C\CCCC(=O)[O-])O,CE7081_e,CHEBI:90819
15(S)-HEPE,C(\CC)=C\C[C@@H](/C=C/C=C\C/C=C\C/C=C\CCCC(=O)[O-])O,CE7082_c,CHEBI:132087
15(S)-HEPE,C(\CC)=C\C[C@@H](/C=C/C=C\C/C=C\C/C=C\CCCC(=O)[O-])O,CE7082_e,CHEBI:132087
Leukotriene B5,O[C@@H](CCCC([O-])=O)\C=C/C=C/C=C/[C@H](O)C/C=C\C/C=C\CC,CE7083_c,CHEBI:133302
Leukotriene B5,O[C@@H](CCCC([O-])=O)\C=C/C=C/C=C/[C@H](O)C/C=C\C/C=C\CC,CE7083_e,CHEBI:133302
PGH3,[C@@H]1([C@@H]2C[C@H]([C@@H]1/C=C/[C@H](C/C=C\CC)O)OO2)C/C=C\CCCC([O-])=O,CE7088_c,CHEBI:133134
18R-HEPE,C(\CCCC([O-])=O)=C\C/C=C\C/C=C\C/C=C\C=C\[C@H](CC)O,CE7090_c,CHEBI:132083
18R-HEPE,C(\CCCC([O-])=O)=C\C/C=C\C/C=C\C/C=C\C=C\[C@H](CC)O,CE7090_e,CHEBI:132083
"5,15-DiHETE",CCCCCC(O)\C=C\C=C/C\C=C/C=C/C(O)CCCC(O)=O,CE7096_c,CHEBI:72867
"5,15-DiHETE",CCCCCC(O)\C=C\C=C/C\C=C/C=C/C(O)CCCC(O)=O,CE7096_e,CHEBI:72867
"Dibenzo[a,l]pyrene",c1ccc2c(c1)cc1ccc3cccc4c5ccccc5c2c1c34,CN0016_c,CHEBI:35861
"7,12-Dimethylbenz[a]anthracene",Cc1c2ccccc2c(C)c2c1ccc1ccccc21,CN0020_c,CHEBI:254496
Dipicolinate C7H3NO4,[O-]C(=O)c1cccc(n1)C([O-])=O,DPA_c,CHEBI:36167
Chitobiose,CC(=O)N[C@H]1C(O)O[C@H](CO)[C@@H](O[C@@H]2O[C@H](CO)[C@@H](O)[C@H](O)[C@H]2NC(C)=O)[C@@H]1O,HC00822_e,CHEBI:28681
Oxalatosuccinate(3-),[O-]C(=O)CC(C([O-])=O)C(=O)C([O-])=O,HC01434_c,CHEBI:58931
Gamma-Glutamyl-beta-cyanoalanine,N[C@@H](CCC(=O)N[C@@H](CC#N)C(O)=O)C(O)=O,HC01577_e,CHEBI:10565
"2,5-Diaminopyrimidine nucleoside triphosphate",Nc1nc(N[C@@H]2O[C@H](COP(O)(=O)OP(O)(=O)OP(O)(O)=O)[C@@H](O)[C@H]2O)c(N)c(=O)[nH]1,HC01652_c,CHEBI:929
Phosphodimethylethanolamine,CN(C)CCOP(O)(O)=O,HC01842_c,CHEBI:31997
Glycolithocholate,[H][C@]12CC[C@@]3([H])[C@]4([H])CC[C@]([H])([C@H](C)CCC(=O)NCC(O)=O)[C@@]4(C)CC[C@]3([H])[C@@]1(C)CC[C@@H](O)C2,HC02193_c,CHEBI:37998
Glycolithocholate,[H][C@]12CC[C@@]3([H])[C@]4([H])CC[C@]([H])([C@H](C)CCC(=O)NCC(O)=O)[C@@]4(C)CC[C@]3([H])[C@@]1(C)CC[C@@H](O)C2,HC02193_e,CHEBI:37998
Ursodeoxycholate,C[C@H](CCC([O-])=O)[C@H]1CC[C@H]2[C@@H]3[C@@H](O)C[C@@H]4C[C@H](O)CC[C@]4(C)[C@H]3CC[C@]12C,HC02194_c,CHEBI:78604
Ursodeoxycholate,C[C@H](CCC([O-])=O)[C@H]1CC[C@H]2[C@@H]3[C@@H](O)C[C@@H]4C[C@H](O)CC[C@]4(C)[C@H]3CC[C@]12C,HC02194_e,CHEBI:78604
Tauroursodeoxycholate,C1[C@@]2([C@]3(CC[C@]4([C@]([C@@]3([C@H](C[C@@]2(C[C@@H](C1)O)[H])O)[H])(CC[C@]4([H])[C@@H](CCC(NCCS([O-])(=O)=O)=O)C)[H])C)[H])C,HC02195_c,CHEBI:132028
Tauroursodeoxycholate,C1[C@@]2([C@]3(CC[C@]4([C@]([C@@]3([C@H](C[C@@]2(C[C@@H](C1)O)[H])O)[H])(CC[C@]4([H])[C@@H](CCC(NCCS([O-])(=O)=O)=O)C)[H])C)[H])C,HC02195_e,CHEBI:132028
Glycoursodeoxycholate,C1[C@@]2([C@]3(CC[C@]4([C@]([C@@]3([C@H](C[C@@]2(C[C@@H](C1)O)[H])O)[H])(CC[C@]4([H])[C@@H](CCC(NCC([O-])=O)=O)C)[H])C)[H])C,HC02196_c,CHEBI:132030
Glycoursodeoxycholate,C1[C@@]2([C@]3(CC[C@]4([C@]([C@@]3([C@H](C[C@@]2(C[C@@H](C1)O)[H])O)[H])(CC[C@]4([H])[C@@H](CCC(NCC([O-])=O)=O)C)[H])C)[H])C,HC02196_e,CHEBI:132030
Prostaglandin A2,[C@H]1([C@H](C=CC1=O)/C=C/[C@H](CCCCC)O)C/C=C\CCCC(=O)[O-],HC02203_c,CHEBI:133370
Prostaglandin A2,[C@H]1([C@H](C=CC1=O)/C=C/[C@H](CCCCC)O)C/C=C\CCCC(=O)[O-],HC02203_e,CHEBI:133370
Prostaglandin-b2,C=1(C(CCC1/C=C/[C@H](CCCCC)O)=O)C/C=C\CCCC([O-])=O,HC02205_c,CHEBI:133391
Prostaglandin-b2,C=1(C(CCC1/C=C/[C@H](CCCCC)O)=O)C/C=C\CCCC([O-])=O,HC02205_e,CHEBI:133391
Prostaglandin-c2,[C@@H]1(C(CC=C1/C=C/[C@H](CCCCC)O)=O)C/C=C\CCCC([O-])=O,HC02207_c,CHEBI:133392
Prostaglandin-c2,[C@@H]1(C(CC=C1/C=C/[C@H](CCCCC)O)=O)C/C=C\CCCC([O-])=O,HC02207_e,CHEBI:133392
Prostaglandin-d3,[C@@H]1([C@H](CC([C@@H]1/C=C/[C@H](C/C=C\CC)O)=O)O)C/C=C\CCCC([O-])=O,HC02210_c,CHEBI:132149
Prostaglandin-d3,[C@@H]1([C@H](CC([C@@H]1/C=C/[C@H](C/C=C\CC)O)=O)O)C/C=C\CCCC([O-])=O,HC02210_e,CHEBI:132149
Prostaglandin E3,C(\[C@H]1[C@@H](CC([C@@H]1C/C=C\CCCC([O-])=O)=O)O)=C/[C@H](C/C=C\CC)O,HC02213_c,CHEBI:133132
Prostaglandin E3,C(\[C@H]1[C@@H](CC([C@@H]1C/C=C\CCCC([O-])=O)=O)O)=C/[C@H](C/C=C\CC)O,HC02213_e,CHEBI:133132
L Serylglycine C5H10N2O4,N[C@@H](CO)C(=O)NCC(O)=O,L_sergly_c,CHEBI:74814
Thr Gly C6H12N2O4,C[C@@H](O)[C@H](N)C(=O)NCC(O)=O,L_thrgly_c,CHEBI:74859
L-alanine-D-glutamate,C[C@H]([NH3+])C(=O)N[C@H](CCC([O-])=O)C([O-])=O,LalaDglu_c,CHEBI:61395
L-alanine-D-glutamate,C[C@H]([NH3+])C(=O)N[C@H](CCC([O-])=O)C([O-])=O,LalaDglu_e,CHEBI:61395
L-alanine-D-glutamate,C[C@H]([NH3+])C(=O)N[C@H](CCC([O-])=O)C([O-])=O,LalaDglu_p,CHEBI:61395
N pai  Methyl L histidine C7H11N3O2,[O-]C(=O)C([NH3+])CC=1N=CN(C1)C,NPmehis_c,CHEBI:133608
Phosphatidylinositol mannoside di-mannose (tuberculosis),CCCCCCCCCCCCCCCC(=O)OCC(COP(O)(=O)O[C@H]1[C@H](O[C@H]2O[C@H](CO)[C@@H](O)[C@H](O)[C@@H]2O)[C@@H](O)[C@H](O)[C@@H](O)[C@H]1O[C@H]1O[C@H](CO)[C@@H](O)[C@H](O)[C@@H]1O)OC(=O)CCCCCCCCC(C)CCCCCCCC,PIM2_c,CHEBI:68562
Phosphatidylinositol mannoside hexa-mannose (tuberculosis),CCCCCCCCCCCCCCCC(=O)OCC(COP(O)(=O)O[C@@H]1[C@H](O[C@H]2O[C@H](CO)[C@@H](O)[C@H](O)[C@@H]2O)[C@H](O)[C@@H](O)[C@H](O)[C@H]1O[C@H]1O[C@H](CO[C@H]2O[C@H](CO[C@H]3O[C@H](CO)[C@@H](O)[C@H](O)[C@@H]3O[C@H]3O[C@H](CO)[C@@H](O)[C@H](O)[C@@H]3O[C@H]3O[C@H](CO)[C@@H](O)[C@H](O)[C@@H]3O)[C@@H](O)[C@H](O)[C@@H]2O)[C@@H](O)[C@H](O)[C@@H]1O)OC(=O)CCCCCCCC(C)CCCCCCCCCC,PIM6_c,CHEBI:59636
(R)-3-Hydroxydodecanoyl-CoA,CCCCCCCCC[C@@H](O)CC(=O)SCCNC(=O)CCNC(=O)[C@H](O)C(C)(C)COP([O-])(=O)OP([O-])(=O)OC[C@H]1O[C@H]([C@H](O)[C@@H]1OP([O-])([O-])=O)n1cnc2c(N)ncnc12,R_3hddcoa_c,CHEBI:74276
(R)-3-hydroxytetradecanoyl-coa,CCCCCCCCCCC[C@@H](O)CC(=O)SCCNC(=O)CCNC(=O)[C@H](O)C(C)(C)COP([O-])(=O)OP([O-])(=O)OC[C@H]1O[C@H]([C@H](O)[C@@H]1OP([O-])([O-])=O)n1cnc2c(N)ncnc12,R_3hmrscoa_c,CHEBI:74277
(R)-(homo)2citrate,OC(=O)CCC[C@@](O)(CC(O)=O)C(O)=O,Rh2cit_c,CHEBI:72694
(R)-(homo)3citrate,OC(=O)CCCC[C@@](O)(CC(O)=O)C(O)=O,Rh3cit_c,CHEBI:72698
Acetoacetate,OC(CC(O)=O)=C,acac_c,CHEBI:131367
Acetoacetate,OC(CC(O)=O)=C,acac_e,CHEBI:131367
Acetoacetate,OC(CC(O)=O)=C,acac_p,CHEBI:131367
N-Acetyl-D-galactosamine 1-phosphate,CC(=O)N[C@@H]1[C@@H](O)[C@@H](O)[C@@H](CO)O[C@@H]1OP(O)(O)=O,acgal1p_c,CHEBI:44313
N-Acetyl-D-galactosamine 1-phosphate,CC(=O)N[C@@H]1[C@@H](O)[C@@H](O)[C@@H](CO)O[C@@H]1OP(O)(O)=O,acgal1p_e,CHEBI:44313
N-Acetyl-D-galactosamine 1-phosphate,CC(=O)N[C@@H]1[C@@H](O)[C@@H](O)[C@@H](CO)O[C@@H]1OP(O)(O)=O,acgal1p_p,CHEBI:44313
N-Acetyl-D-glucosamine 1-phosphate,CC(=O)N[C@@H]1[C@@H](O)[C@H](O)[C@@H](CO)OC1OP(O)(O)=O,acgam1p_c,CHEBI:7125
N-Acetyl-D-glucosamine 1-phosphate,CC(=O)N[C@@H]1[C@@H](O)[C@H](O)[C@@H](CO)OC1OP(O)(O)=O,acgam1p_e,CHEBI:7125
N-Acetyl-D-glucosamine 1-phosphate,CC(=O)N[C@@H]1[C@@H](O)[C@H](O)[C@@H](CO)OC1OP(O)(O)=O,acgam1p_p,CHEBI:7125
6-(N-acetyl-alpha-D-glucosaminyl)-1-phosphatidyl-1D-myo-inositol(1-),[H][C@@](COC([*])=O)(COP(O)(=O)O[C@@H]1[C@H](O)[C@H](O)[C@@H](O)[C@H](O)[C@H]1O[C@H]1O[C@H](CO)[C@@H](O)[C@H](O)[C@H]1NC(C)=O)OC([*])=O,acgpail_cho_c,CHEBI:12194
N-Acetyl-D-muramoyl-L-alanine,C[C@H](NC(=O)[C@@H](C)O[C@H]1[C@H](O)[C@@H](CO)OC(O)[C@@H]1NC(C)=O)C([O-])=O,acmama_c,CHEBI:83941
N-acetylmuramate 6-phosphate,C[C@@H](O[C@H]1[C@H](O)[C@@H](COP(O)(O)=O)OC(O)[C@@H]1NC(C)=O)C(O)=O,acmum6p_c,CHEBI:47968
N-Acetylmuramate,C[C@@H](O[C@H]1[C@H](O)[C@@H](CO)OC(O)[C@@H]1NC(C)=O)C(O)=O,acmum_e,CHEBI:21615
N-Acetylmuramate,C[C@@H](O[C@H]1[C@H](O)[C@@H](CO)OC(O)[C@@H]1NC(C)=O)C(O)=O,acmum_p,CHEBI:21615
VI3NeuAc-nLc6Cer,[C@H]1(O[C@@H]([C@@H]([C@@H]([C@H]1O)O[C@]2(O[C@]([C@@H]([C@H](C2)O)NC(C)=O)([C@@H]([C@@H](CO)O)O)[H])C(O)=O)O)CO)O[C@H]3[C@@H]([C@H]([C@@H](O[C@@H]3CO)O[C@@H]4[C@H]([C@@H](O[C@@H]([C@@H]4O)CO)O[C@H]5[C@@H]([C@H]([C@@H](O[C@@H]5CO)O[C@@H]6[C@H]([C@@H](O[C@@H]([C@@H]6O)CO)O[C@H]7[C@@H]([C@H]([C@@H](O[C@@H]7CO)OC[C@@H]([C@@H](/C=C/CCCCCCCCCCCCC)O)NC(=O)*)O)O)O)NC(C)=O)O)O)NC(=O)C)O,acngalacglcgal14acglcgalgluside_cho_c,CHEBI:61850
VI3NeuAc-nLc6Cer,[C@H]1(O[C@@H]([C@@H]([C@@H]([C@H]1O)O[C@]2(O[C@]([C@@H]([C@H](C2)O)NC(C)=O)([C@@H]([C@@H](CO)O)O)[H])C(O)=O)O)CO)O[C@H]3[C@@H]([C@H]([C@@H](O[C@@H]3CO)O[C@@H]4[C@H]([C@@H](O[C@@H]([C@@H]4O)CO)O[C@H]5[C@@H]([C@H]([C@@H](O[C@@H]5CO)O[C@@H]6[C@H]([C@@H](O[C@@H]([C@@H]6O)CO)O[C@H]7[C@@H]([C@H]([C@@H](O[C@@H]7CO)OC[C@@H]([C@@H](/C=C/CCCCCCCCCCCCC)O)NC(=O)*)O)O)O)NC(C)=O)O)O)NC(=O)C)O,acngalacglcgal14acglcgalgluside_cho_e,CHEBI:61850
Acetyl phosphate,CC(=O)OP(O)([O-])=O,actp_c,CHEBI:13711
Adenosyl-cobyric acid,CC1=C2N3[C@H]([C@H](CC(N)=O)[C@@]2(C)CCC(O)=O)[C@]2(C)[N+]4=C([C@@H](CCC(N)=O)[C@]2(C)CC(N)=O)C(C)=C2[N+]5=C(C=C6[N+](=C1[C@@H](CCC(N)=O)C6(C)C)[Co--]345C[C@H]1O[C@H]([C@H](O)[C@@H]1O)n1cnc3c(N)ncnc13)[C@@H](CCC(N)=O)[C@]2(C)CC(N)=O,adcobhex_c,CHEBI:2483
Adenosyl cobinamide phosphate,C[C@H](CNC(=O)CC[C@]1(C)[C@@H](CC(N)=O)[C@H]2N3C1=C(C)C1=[N+]4C(=CC5=[N+]6C(=C(C)C7=[N+]([C@]2(C)[C@@](C)(CC(N)=O)[C@@H]7CCC(N)=O)[Co--]346C[C@H]2O[C@H]([C@H](O)[C@@H]2O)n2cnc3c(N)ncnc23)[C@@](C)(CC(N)=O)[C@@H]5CCC(N)=O)C(C)(C)[C@@H]1CCC(N)=O)OP(O)(O)=O,adocbip_c,CHEBI:2481
Adenosine-GDP-cobinamide,[H][C@@]12[C@H](CC(N)=O)[C@@](C)(CCC(=O)NC[C@@H](C)OP(O)(=O)OP(O)(=O)OC[C@H]3O[C@H]([C@H](O)[C@@H]3O)n3cnc4c3nc(N)[nH]c4=O)C3=C(C)C4=[N+]5C(=CC6=[N+]7C(=C(C)C8=[N+]([C@]1(C)[C@@](C)(CC(N)=O)[C@@H]8CCC(N)=O)[Co--]57(C[C@H]1O[C@H]([C@H](O)[C@@H]1O)n1cnc5c(N)ncnc15)N23)[C@@](C)(CC(N)=O)[C@@H]6CCC(N)=O)C(C)(C)[C@@H]4CCC(N)=O,agdpcbi_c,CHEBI:2479
Adenosylhopane,CC(CC[C@H]1O[C@H]([C@H](O)[C@@H]1O)n1cnc2c(N)ncnc12)C1CC[C@@]2(C)[C@H]1CC[C@]1(C)[C@@H]2CC[C@@H]2[C@@]3(C)CCCC(C)(C)[C@@H]3CC[C@@]12C,ahop_c,CHEBI:86403
Ala Asn C7H13N3O4,C[C@H](N)C(=O)N[C@@H](CC(N)=O)C(O)=O,ala_L_asn__L_c,CHEBI:73330
Ala L asp L C7H11N2O5,C[C@H](N)C(=O)N[C@@H](CC(O)=O)C(O)=O,ala_L_asp__L_c,CHEBI:73803
Ala L asp L C7H11N2O5,C[C@H](N)C(=O)N[C@@H](CC(O)=O)C(O)=O,ala_L_asp__L_e,CHEBI:73803
Ala Ile C9H18N2O3,CC[C@H](C)[C@H](NC(=O)[C@H](C)N)C(O)=O,ala_L_ile__L_c,CHEBI:73805
Ala Met C8H16N2O3S,CSCC[C@H](NC(=O)[C@H](C)N)C(O)=O,ala_L_met__L_c,CHEBI:73806
Ala Phe C12H16N2O3,C[C@H](N)C(=O)N[C@@H](Cc1ccccc1)C(O)=O,ala_L_phe__L_c,CHEBI:73807
Ala Ser C6H12N2O4,C[C@H](N)C(=O)N[C@@H](CO)C(O)=O,ala_L_ser__L_c,CHEBI:73394
Ala Trp C14H17N3O3,C[C@H](N)C(=O)N[C@@H](Cc1c[nH]c2ccccc12)C(O)=O,ala_L_trp__L_c,CHEBI:73808
Ala Tyr C12H16N2O4,C[C@H](N)C(=O)N[C@@H](Cc1ccc(O)cc1)C(O)=O,ala_L_tyr__L_c,CHEBI:73395
Ala Val C8H16N2O3,CC(C)[C@H](NC(=O)[C@H](C)N)C(O)=O,ala_L_val__L_c,CHEBI:73809
D-Allose,OC[C@H]1OC(O)[C@H](O)[C@H](O)[C@@H]1O,all__D_c,CHEBI:4093
D-Allose,OC[C@H]1OC(O)[C@H](O)[C@H](O)[C@@H]1O,all__D_e,CHEBI:4093
D-Allose,OC[C@H]1OC(O)[C@H](O)[C@H](O)[C@@H]1O,all__D_p,CHEBI:4093
Allulose 6-phosphate,OCC(=O)[C@H](O)[C@H](O)[C@H](O)COP([O-])([O-])=O,allul6p_c,CHEBI:61519
D Arabinose C5H10O5,O[C@@H]1COC(O)[C@@H](O)[C@@H]1O,arab__D_c,CHEBI:46994
D Arabinose C5H10O5,O[C@@H]1COC(O)[C@@H](O)[C@@H]1O,arab__D_e,CHEBI:46994
D Arabinose C5H10O5,O[C@@H]1COC(O)[C@@H](O)[C@@H]1O,arab__D_p,CHEBI:46994
L-Arabinose,[H]C(=O)[C@H](O)[C@@H](O)[C@@H](O)CO,arab__L_c,CHEBI:6182
L-Arabinose,[H]C(=O)[C@H](O)[C@@H](O)[C@@H](O)CO,arab__L_e,CHEBI:6182
L-Arabinose,[H]C(=O)[C@H](O)[C@@H](O)[C@@H](O)CO,arab__L_p,CHEBI:6182
Arbutin 6-phosphate,O[C@H]1[C@H](O)[C@@H](O)[C@@H](O[C@@H]1COP(O)(O)=O)Oc1ccc(O)cc1,arbt6p_c,CHEBI:2807
Arbutin 6-phosphate,O[C@H]1[C@H](O)[C@@H](O)[C@@H](O[C@@H]1COP(O)(O)=O)Oc1ccc(O)cc1,arbt6p_e,CHEBI:2807
L-ascorbate-6-phosphate,[H][C@@]1(OC(=O)C(O)=C1[O-])[C@@H](O)COP([O-])([O-])=O,ascb6p_c,CHEBI:61698
L-Aspartate 4-semialdehyde,[H]C(=O)C[C@H](N)C([O-])=O,aspsa_c,CHEBI:13086
Adenosine thiamine triphosphate,Cc1ncc(C[n+]2csc(CCOP([O-])(=O)OP([O-])(=O)OP([O-])(=O)OC[C@H]3O[C@H]([C@H](O)[C@@H]3O)n3cnc4c(N)ncnc34)c2C)c(N)n1,athtp_c,CHEBI:71393
Gamma-butyrobetainyl-CoA,CC(C)(COP([O-])(=O)OP([O-])(=O)OC[C@H]1O[C@H]([C@H](O)[C@@H]1OP([O-])([O-])=O)n1cnc2c(N)ncnc12)[C@@H](O)C(=O)NCCC(=O)NCCSC(=O)CCC[N+](C)(C)C,bbtcoa_c,CHEBI:61513
Beta-Cryptoxanthin,CC(\C=C\C=C(C)\C=C\C1=C(C)CCCC1(C)C)=C/C=C/C=C(C)/C=C/C=C(C)/C=C/C1=C(C)C[C@@H](O)CC1(C)C,bcryptox_c,CHEBI:10362
(R)-3-Hydroxybutanoate,C[C@@H](O)CC([O-])=O,bhb_c,CHEBI:10983
(R)-3-Hydroxybutanoate,C[C@@H](O)CC([O-])=O,bhb_e,CHEBI:10983
(R)-3-Hydroxybutanoate,C[C@@H](O)CC([O-])=O,bhb_p,CHEBI:10983
Bimane,Cc1c(C)c(=O)n2n1c(C)c(C)c2=O,bmn_c,CHEBI:62828
Bimane,Cc1c(C)c(=O)n2n1c(C)c(C)c2=O,bmn_e,CHEBI:62828
D-biotin d-sulfoxide,[H][C@]12CS(=O)[C@@H](CCCCC([O-])=O)[C@@]1([H])NC(=O)N2,btnso_c,CHEBI:62046
"Cis-1,2-Dihydroxycyclohexa-3,5-diene-1-carboxylate",O[C@H]1C=CC=C[C@]1(O)C(O)=O,bz12diol_c,CHEBI:37888
Benzylsuccinyl-CoA,CC(C)(COP(O)(=O)OP(O)(=O)OC[C@H]1O[C@H]([C@H](O)[C@@H]1OP(O)(O)=O)n1cnc2c(N)ncnc12)[C@@H](O)C(=O)NCCC(=O)NCCSC(=O)[C@@H](CC(O)=O)Cc1ccccc1,bzsuccoa_c,CHEBI:10970
Butyryl carnitine,CCCC(=O)O[C@H](CC([O-])=O)C[N+](C)(C)C,c4crn_c,CHEBI:21949
Butyryl carnitine,CCCC(=O)O[C@H](CC([O-])=O)C[N+](C)(C)C,c4crn_e,CHEBI:21949
Succinyl carnitine,C[N+](C)(C)CC(CC([O-])=O)OC(=O)CCC(O)=O,c4dc_c,CHEBI:73034
Succinyl carnitine,C[N+](C)(C)CC(CC([O-])=O)OC(=O)CCC(O)=O,c4dc_e,CHEBI:73034
Octanoyl carnitine,CCCCCCCC(=O)OC(CC([O-])=O)C[N+](C)(C)C,c8crn_c,CHEBI:73039
Octanoyl carnitine,CCCCCCCC(=O)OC(CC([O-])=O)C[N+](C)(C)C,c8crn_e,CHEBI:73039
N-Carbamoyl-beta-alanine,NC(=O)NCCC([O-])=O,cala_c,CHEBI:11892
N-Carbamoyl-beta-alanine,NC(=O)NCCC([O-])=O,cala_e,CHEBI:11892
(-)-trans-carveol,CC(=C)C1CC=C(C)C(O)C1,carveol_c,CHEBI:23046
(-)-trans-carveol,CC(=C)C1CC=C(C)C(O)C1,carveol_e,CHEBI:23046
Carbamate,NC([O-])=O,cbm_c,CHEBI:13941
7-deaza-7-carboxyguanine,Nc1nc2[nH]cc(C([O-])=O)c2c(=O)[nH]1,cdg_c,CHEBI:61036
Cyclic de-hypoxanthine futalosine,OC1O[C@@]2(CCC(=O)c3cc(ccc23)C(O)=O)[C@@H](O)[C@H]1O,cdhxfut_c,CHEBI:64252
CDP-Inositol,Nc1ccn([C@@H]2O[C@H](COP(O)(=O)OP(O)(=O)O[C@H]3[C@@H](O)[C@@H](O)[C@H](O)[C@@H](O)[C@@H]3O)[C@@H](O)[C@H]2O)c(=O)n1,cdp_inost_c,CHEBI:62566
"CDP-1,2-dioctadecanoylglycerol",O(C[C@@H](COC(CCCCCCCCCCCCCCCCC)=O)OC(CCCCCCCCCCCCCCCCC)=O)P(OP(OC[C@H]1O[C@H]([C@H](O)[C@@H]1O)N2C(N=C(C=C2)N)=O)(=O)O)(=O)O,cdpdodecg_c,CHEBI:104121
"CDP-1,2-ditetradec-7-enoylglycerol",O(C[C@@H](COC(CCCCCC=CCCCCCC)=O)OC(CCCCCC=CCCCCCC)=O)P(OP(OC[C@H]1O[C@H]([C@H](O)[C@@H]1O)N2C(N=C(C=C2)N)=O)(=O)O)(=O)O,cdpdtdec7eg_c,CHEBI:103990
"CDP-1,2-ditetradecanoylglycerol",O(C[C@@H](COC(CCCCCCCCCCCCC)=O)OC(CCCCCCCCCCCCC)=O)P(OP(OC[C@H]1O[C@H]([C@H](O)[C@@H]1O)N2C(N=C(C=C2)N)=O)(=O)O)(=O)O,cdpdtdecg_c,CHEBI:103211
CDPglycerol C12H19N3O13P2,C=1N(C(N=C(C1)N)=O)[C@@H]2O[C@@H]([C@H]([C@H]2O)O)COP(OP(OC[C@@H](CO)O)(=O)O)(=O)O,cdpglyc_c,CHEBI:132202
"Cis-3-(3-carboxyethyl)-3,5-cyclohexadiene-1,2-diol",O[C@@H]1C=CC=C(CCC(O)=O)[C@@H]1O,cechddd_c,CHEBI:48690
Cellobiose 6 phosphate C12H21O14P,OC[C@H]1O[C@@H](O)[C@H](O)[C@@H](O)[C@@H]1O[C@@H]1O[C@H](COP(O)(O)=O)[C@@H](O)[C@H](O)[C@H]1O,cellb6p_c,CHEBI:2233
"Cis-3-(3-carboxyethenyl)-3,5-cyclohexadiene-1,2-diol",[H]C(=C([H])C1=CC=C[C@H](O)[C@@H]1O)C(O)=O,cenchddd_c,CHEBI:49071
Chitobiose-6-phosphate,CC(=O)N[C@H]1C(O)O[C@H](CO)[C@@H](O[C@@H]2O[C@H](COP([O-])([O-])=O)[C@@H](O)[C@H](O)[C@H]2NC(C)=O)[C@@H]1O,chit6p_c,CHEBI:64883
Chitobiose C16H28N2O11,CC(=O)N[C@H]1C(O)O[C@H](CO)[C@@H](O[C@@H]2O[C@H](CO)[C@@H](O)[C@H](O)[C@H]2NC(C)=O)[C@@H]1O,chitob_c,CHEBI:28681
Chitobiose C16H28N2O11,CC(=O)N[C@H]1C(O)O[C@H](CO)[C@@H](O[C@@H]2O[C@H](CO)[C@@H](O)[C@H](O)[C@H]2NC(C)=O)[C@@H]1O,chitob_e,CHEBI:28681
Chitobiose C16H28N2O11,CC(=O)N[C@H]1C(O)O[C@H](CO)[C@@H](O[C@@H]2O[C@H](CO)[C@@H](O)[C@H](O)[C@H]2NC(C)=O)[C@@H]1O,chitob_p,CHEBI:28681
Diacetylchitobiose-6-phosphate,CC(=O)N[C@H]1C(O)O[C@H](CO)[C@@H](O[C@@H]2O[C@H](COP([O-])([O-])=O)[C@@H](O)[C@H](O)[C@H]2NC(C)=O)[C@@H]1O,chtbs6p_c,CHEBI:64883
Citrate,C(=O)([O-])C(CC(=O)[O-])(CC(=O)[O-])[O-],cit_c,CHEBI:132362
Citrate,C(=O)([O-])C(CC(=O)[O-])(CC(=O)[O-])[O-],cit_e,CHEBI:132362
Citrate,C(=O)([O-])C(CC(=O)[O-])(CC(=O)[O-])[O-],cit_p,CHEBI:132362
Citramalate,CC(O)(CC([O-])=O)C([O-])=O,citm_c,CHEBI:13997
"Cardiolipin (tetratetradecanoyl, n-C14:0)",CCCCCCCCCCCCCC(=O)OC[C@H](COP(O)(=O)OCC(O)COP(O)(=O)OC[C@@H](COC(=O)CCCCCCCCCCCCC)OC(=O)CCCCCCCCCCCCC)OC(=O)CCCCCCCCCCCCC,clpn140_c,CHEBI:62862
"Cardiolipin (tetratetradecanoyl, n-C14:0)",CCCCCCCCCCCCCC(=O)OC[C@H](COP(O)(=O)OCC(O)COP(O)(=O)OC[C@@H](COC(=O)CCCCCCCCCCCCC)OC(=O)CCCCCCCCCCCCC)OC(=O)CCCCCCCCCCCCC,clpn140_p,CHEBI:62862
"Cardiolipin (tetrahexadecanoyl, n-C16:0)",[C@H](OC(CCCCCCCCCCCCCCC)=O)(COP(OCC(COP(OC[C@H](OC(CCCCCCCCCCCCCCC)=O)COC(CCCCCCCCCCCCCCC)=O)(O)=O)O)(O)=O)COC(CCCCCCCCCCCCCCC)=O,clpn160_c,CHEBI:104586
"Cardiolipin (tetrahexadecanoyl, n-C16:0)",[C@H](OC(CCCCCCCCCCCCCCC)=O)(COP(OCC(COP(OC[C@H](OC(CCCCCCCCCCCCCCC)=O)COC(CCCCCCCCCCCCCCC)=O)(O)=O)O)(O)=O)COC(CCCCCCCCCCCCCCC)=O,clpn160_p,CHEBI:104586
"Cardiolipin (tetraoctadec-11-enoyl, n-C18:1)",O(P(OCC(COP(OC[C@@H](COC(CCCCCCCCCC=CCCCCCC)=O)OC(CCCCCCCCCC=CCCCCCC)=O)(O)=O)O)(O)=O)C[C@@H](COC(CCCCCCCCCC=CCCCCCC)=O)OC(CCCCCCCCCC=CCCCCCC)=O,clpn181_c,CHEBI:105685
"Cardiolipin (tetraoctadec-11-enoyl, n-C18:1)",O(P(OCC(COP(OC[C@@H](COC(CCCCCCCCCC=CCCCCCC)=O)OC(CCCCCCCCCC=CCCCCCC)=O)(O)=O)O)(O)=O)C[C@@H](COC(CCCCCCCCCC=CCCCCCC)=O)OC(CCCCCCCCCC=CCCCCCC)=O,clpn181_p,CHEBI:105685
Cobyrinate,[H][C@]12[C@H](CC(O)=O)[C@@](C)(CCC(O)=O)\C(N1[Co+])=C(C)\C1=N\C(=C/C3=N/C(=C(C)\C4=N[C@]2(C)[C@@](C)(CC(O)=O)[C@@H]4CCC(O)=O)[C@@](C)(CC(O)=O)[C@@H]3CCC(O)=O)C(C)(C)[C@@H]1CCC(O)=O,cobya_c,CHEBI:52499
Cobalt-dihydro-precorrin 6,[H][C@]12[C@H](CC(O)=O)[C@@](C)(CCC(O)=O)C3=[N+]1[Co--]14N5C(=CC6=[N+]1C(C[C@@]1(C)C(CC(O)=O)=C(CCC(O)=O)C(C3)=[N+]41)=C(CCC(O)=O)[C@]6(C)CC(O)=O)[C@@H](CCC(O)=O)[C@](C)(CC(O)=O)[C@]25C,codhpre6_c,CHEBI:3789
Cobalt-precorrin-5a,CC1OC(=O)C[C@@]2(C)[C@H](CCC(O)=O)C3=CC4=[N+]5C(C[C@]6(C)N7C(=CC8=[N+]9C(=C(CC(O)=O)[C@@]8(C)CCC(O)=O)C12N3[Co--]579)C(CCC(O)=O)=C6CC(O)=O)=C(CCC(O)=O)[C@]4(C)CC(O)=O,codscl5a_c,CHEBI:52488
Cobalt-precorrin-5b,C[C@@]1(CCC(O)=O)[C@@H](CC(O)=O)C2=C3N4C(=CC5=[N+]6C(C[C@]7(C)N8C(=CC1=[N+]2[Co--]468)C(CCC(O)=O)=C7CC(O)=O)=C(CCC(O)=O)[C@]5(C)CC(O)=O)[C@@H](CCC(O)=O)[C@]3(C)CC(O)=O,codscl5b_c,CHEBI:52489
Cobalt-precorrin-7,[H][C@]12[C@H](CC(O)=O)[C@@](C)(CCC(O)=O)C3=[N+]1[Co--]14N5C(=CC6=[N+]1C(C[C@@]1(C)C(C)=C(CCC(O)=O)C(C3C)=[N+]41)=C(CCC(O)=O)[C@]6(C)CC(O)=O)[C@@H](CCC(O)=O)[C@](C)(CC(O)=O)[C@]25C,codscl7_c,CHEBI:52490
Cobalt-precorrin-8x,[H][C@]12[C@H](CC(O)=O)[C@@](C)(CCC(O)=O)C3=[N+]1[Co-3]14N5C([C@@H](CCC(O)=O)[C@](C)(CC(O)=O)[C@]25C)=C(C)C2=[N+]1C(C[C@@]1(C)C(C)=C(CCC(O)=O)C(C3C)=[N+]41)=C(CCC(O)=O)[C@]2(C)CC(O)=O,codscl8x_c,CHEBI:3795
Cobalt-precorrin-2,C[C@]1(CC(O)=O)[C@H](CCC(O)=O)C2=CC3=[N+]4C(Cc5c(CCC(O)=O)c(CC(O)=O)c6C=C7[N+]8=C(C=C1N2[Co--]48n56)[C@@H](CCC(O)=O)[C@]7(C)CC(O)=O)=C(CCC(O)=O)C3CC(O)=O,copre2_c,CHEBI:3790
Cobalt-precorrin 3,CC1=C2[N+]3=C(C=C4N5C(=CC6=[N+]7C(Cc8c(CCC(O)=O)c(CC(O)=O)c1n8[Co--]357)=C(CCC(O)=O)C6CC(O)=O)[C@@H](CCC(O)=O)[C@]4(C)CC(O)=O)[C@@H](CCC(O)=O)[C@]2(C)CC(O)=O,copre3_c,CHEBI:3791
Cobalt-precorrin 4,CC1OC(=O)C[C@@]2(C)[C@H](CCC(O)=O)C3=CC4=[N+]5C(=Cc6c(CC(O)=O)c(CCC(O)=O)c7CC8=[N+]9C(=C(CC(O)=O)[C@@]8(C)CCC(O)=O)C12N3[Co--]59n67)[C@@H](CCC(O)=O)[C@]4(C)CC(O)=O,copre4_c,CHEBI:3792
Cobalt-precorrin 8,[H][C@]12[C@H](CC(O)=O)[C@@](C)(CCC(O)=O)C3=[N+]1[Co-3]14N5C([C@@H](CCC(O)=O)[C@](C)(CC(O)=O)[C@]25C)=C(C)C2=[N+]1C(C[C@@]1(C)C(C)=C(CCC(O)=O)C(C3C)=[N+]41)=C(CCC(O)=O)[C@]2(C)CC(O)=O,copre8_c,CHEBI:3795
"6-carboxy-5,6,7,8-tetrahydropterin",Nc1nc2NCC(Nc2c(=O)[nH]1)C([O-])=O,cph4_c,CHEBI:61032
D-carnitinyl-CoA,CC(C)(COP([O-])(=O)OP([O-])(=O)OC[C@H]1O[C@H]([C@H](O)[C@@H]1OP([O-])([O-])=O)n1cnc2c(N)ncnc12)[C@@H](O)C(=O)NCCC(=O)NCCSC(=O)C[C@H](O)C[N+](C)(C)C,crnDcoa_c,CHEBI:62047
D-Carnitine,C[N+](C)(C)C[C@@H](O)CC([O-])=O,crn__D_c,CHEBI:11060
D-Carnitine,C[N+](C)(C)C[C@@H](O)CC([O-])=O,crn__D_e,CHEBI:11060
D-Carnitine,C[N+](C)(C)C[C@@H](O)CC([O-])=O,crn__D_p,CHEBI:11060
L-Carnitinyl-CoA,CC(C)(COP([O-])(=O)OP(O)(=O)OC[C@H]1O[C@H]([C@H](O)[C@@H]1OP(O)(O)=O)n1cnc2c(N)ncnc12)[C@@H](O)C(=O)NCCC(=O)NCCSC(=O)C[C@@H](O)C[N+](C)(C)C,crncoa_c,CHEBI:41482
Carboxyspermidine,[NH3+]CCCC[NH2+]CC[C@H]([NH3+])C([O-])=O,cspmd_c,CHEBI:65072
Crotonobetaine,[H]C(C[N+](C)(C)C)=CC([O-])=O,ctbt_c,CHEBI:11946
Crotonobetaine,[H]C(C[N+](C)(C)C)=CC([O-])=O,ctbt_e,CHEBI:11946
Crotonobetaine,[H]C(C[N+](C)(C)C)=CC([O-])=O,ctbt_p,CHEBI:11946
Crotonobetainyl-CoA,CC(C)(COP([O-])(=O)OP([O-])(=O)OC[C@H]1O[C@H]([C@H](O)[C@@H]1OP([O-])([O-])=O)n1cnc2c(N)ncnc12)[C@@H](O)C(=O)NCCC(=O)NCCSC(=O)\C=C\C[N+](C)(C)C,ctbtcoa_c,CHEBI:60933
Trans-Dec-2-enoyl-CoA,CCCCCCC\C=C\C(=O)SCCNC(=O)CCNC(=O)[C@H](O)C(C)(C)COP(O)(=O)OP(O)(=O)OC[C@H]1O[C@H]([C@H](O)[C@@H]1OP(O)(O)=O)n1cnc2c(N)ncnc12,dc2coa_c,CHEBI:10723
Decanal C10H20O,[H]C(=O)CCCCCCCCC,dcal_c,CHEBI:31457
Debrisoquine c,NC(=N)N1CCc2ccccc2C1,debrisoquine_c,CHEBI:34665
Debrisoquine c,NC(=N)N1CCc2ccccc2C1,debrisoquine_e,CHEBI:34665
Decaprenylphosphoryl-beta-D-arabinofuranose,CC(C)=CCC\C(C)=C\CC\C(C)=C/CC\C(C)=C/CC\C(C)=C/CC\C(C)=C/CC\C(C)=C/CC\C(C)=C/CC\C(C)=C/CC\C(C)=C/COP([O-])(=O)O[C@@H]1O[C@H](CO)[C@@H](O)[C@@H]1O,decda_tb_c,CHEBI:65066
Decaprenylphosphoryl-beta-D-5-phosphoribose,CC(C)=CCC\C(C)=C\CC\C(C)=C/CC\C(C)=C/CC\C(C)=C/CC\C(C)=C/CC\C(C)=C/CC\C(C)=C/CC\C(C)=C/CC\C(C)=C/COP([O-])(=O)O[C@@H]1O[C@H](COP([O-])([O-])=O)[C@@H](O)[C@H]1O,decdpr_tb_c,CHEBI:66937
Selenodiglutathione,N[C@@H](CCC(=O)N[C@@H](CS[Se]SC[C@H](NC(=O)CC[C@H](N)C(O)=O)C(=O)NCC(O)=O)C(=O)NCC(O)=O)C(O)=O,dgslnt_c,CHEBI:26634
"Cis-1,2-Dihydroxy-4-methylcyclohexa-3,5-diene-1-carboxylate",CC1=C[C@H](O)[C@](O)(C=C1)C(O)=O,dh4mchc_c,CHEBI:49008
"2,3-dihydroxicinnamic acid",OC(=O)\C=C\c1cccc(O)c1O,dhcinnm_c,CHEBI:32356
Dihydroceramide,CCCCCCCCCCCCCCC[C@@H](O)[C@H](CO)NC([*])=O,dhcrm_cho_c,CHEBI:31488
Dehydroglycine,OC(=O)C=N,dhgly_c,CHEBI:53647
"1,2-Dihydroxy-5-(methylthio)pent-1-en-3-one",CSCCC(=O)C(\O)=C\O,dhmtp_c,CHEBI:49252
"1,4-Dihydroxy-2-naphthoate",Oc1cc(C([O-])=O)c(O)c2ccccc12,dhna_c,CHEBI:11173
"4,5-dihydroxy-2,3-pentanedione",CC(=O)C(=O)[C@@H](O)CO,dhptd_c,CHEBI:29484
"4,5-dihydroxy-2,3-pentanedione",CC(=O)C(=O)[C@@H](O)CO,dhptd_e,CHEBI:29484
De-hypoxanthine futalosine,OC1O[C@H](CCC(=O)c2cccc(c2)C(O)=O)[C@@H](O)[C@H]1O,dhxfut_c,CHEBI:51312
Ala Ala C6H12N2O3,C[C@H](N)C(=O)N[C@@H](C)C(O)=O,diala__L_c,CHEBI:72816
Djenkolate C7H14N2O4S2,N[C@@H](CSCSC[C@H](N)C(O)=O)C(O)=O,djenk_c,CHEBI:6211
Djenkolate C7H14N2O4S2,N[C@@H](CSCSC[C@H](N)C(O)=O)C(O)=O,djenk_e,CHEBI:6211
6-deoxy-5-ketofructose 1-phosphate,CC(=O)[C@@H](O)[C@H](O)C(=O)COP(O)(O)=O,dkfp_c,CHEBI:51284
"2,3-diketo-5-methylthio-1-phosphopentane",CSCCC(=O)C(=O)COP(O)(O)=O,dkmpp_c,CHEBI:50604
Demethylphylloquinone,CC(C)CCC[C@@H](C)CCC[C@@H](C)CCC\C(C)=C\CC1=CC(=O)c2ccccc2C1=O,dmtphllqne_c,CHEBI:31087
Docosanoyl Coenzyme A,CCCCCCCCCCCCCCCCCCCCCC(=O)SCCNC(=O)CCNC(=O)[C@H](O)C(C)(C)COP([O-])(=O)OP([O-])(=O)OC[C@H]1O[C@H]([C@H](O)[C@@H]1OP([O-])([O-])=O)n1cnc2c(N)ncnc12,docoscoa_c,CHEBI:65059
"2,3-O-phytanyl-sn-glycero-1-phosphoserine",CC(C)CCC[C@@H](C)CCC[C@@H](C)CCC[C@@H](C)CCOC[C@@H](COP([O-])(=O)OC[C@H]([NH3+])C([O-])=O)OCC[C@H](C)CCC[C@H](C)CCC[C@H](C)CCCC(C)C,dpgps_c,CHEBI:74853
Diploptene,[H][C@@]12CC[C@]3(C)[C@]([H])(CC[C@]4([H])[C@@]5(C)CCCC(C)(C)[C@]5([H])CC[C@@]34C)[C@@]1(C)CC[C@@H]2C(C)=C,dptne_c,CHEBI:4648
Deoxyribose C5H10O4,C(O)[C@H]1OC(O)C[C@@H]1O,drib_c,CHEBI:90761
Deoxyribose C5H10O4,C(O)[C@H]1OC(O)C[C@@H]1O,drib_e,CHEBI:90761
Deoxyribose C5H10O4,C(O)[C@H]1OC(O)C[C@@H]1O,drib_p,CHEBI:90761
"DTDP-4-acetamido-4,6-dideoxy-D-galactose",C[C@H]1OC(OP([O-])(=O)OP([O-])(=O)OC[C@H]2O[C@H](C[C@@H]2O)n2cc(C)c(=O)[nH]c2=O)[C@H](O)[C@@H](O)[C@H]1NC(C)=O,dtdp4aaddg_c,CHEBI:61562
Echinenone,CC(\C=C\C=C(C)\C=C\C1=C(C)CCCC1(C)C)=C/C=C/C=C(C)/C=C/C=C(C)/C=C/C1=C(C)C(=O)CCC1(C)C,echin_c,CHEBI:4746
Phosphoethanolamine KDO(2)-lipid (A),[H][C@@]1(O[C@@](C[C@@H](O[C@@]2(C[C@@H](O)[C@@H](O)[C@]([H])(O2)[C@@H](CO)OP(O)(=O)OCCN)C(O)=O)[C@H]1O)(OC[C@H]1O[C@@H](OC[C@H]2O[C@H](OP(O)(O)=O)[C@H](NC(=O)C[C@H](O)CCCCCCCCCCC)[C@@H](OC(=O)C[C@H](O)CCCCCCCCCCC)[C@@H]2O)[C@H](NC(=O)C[C@@H](CCCCCCCCCCC)OC(=O)CCCCCCCCCCC)[C@@H](OC(=O)C[C@@H](CCCCCCCCCCC)OC(=O)CCCCCCCCCCCCC)[C@@H]1OP(O)(O)=O)C(O)=O)[C@H](O)CO,enlipa_e,CHEBI:47762
Phosphoethanolamine KDO(2)-lipid (A),[H][C@@]1(O[C@@](C[C@@H](O[C@@]2(C[C@@H](O)[C@@H](O)[C@]([H])(O2)[C@@H](CO)OP(O)(=O)OCCN)C(O)=O)[C@H]1O)(OC[C@H]1O[C@@H](OC[C@H]2O[C@H](OP(O)(O)=O)[C@H](NC(=O)C[C@H](O)CCCCCCCCCCC)[C@@H](OC(=O)C[C@H](O)CCCCCCCCCCC)[C@@H]2O)[C@H](NC(=O)C[C@@H](CCCCCCCCCCC)OC(=O)CCCCCCCCCCC)[C@@H](OC(=O)C[C@@H](CCCCCCCCCCC)OC(=O)CCCCCCCCCCCCC)[C@@H]1OP(O)(O)=O)C(O)=O)[C@H](O)CO,enlipa_p,CHEBI:47762
Epimelibiose C12H22O11,OC[C@H]1O[C@H](OC[C@H]2O[C@H](O)[C@H](O)[C@@H](O)[C@H]2O)[C@@H](O)[C@@H](O)[C@@H]1O,epm_c,CHEBI:4808
Ethanesulfonate C2H5O3S,CCS(O)(=O)=O,eths_c,CHEBI:42465
Ethanesulfonate C2H5O3S,CCS(O)(=O)=O,eths_e,CHEBI:42465
Ethanesulfonate,CCS(O)(=O)=O,ethso3_c,CHEBI:42465
Ethanesulfonate,CCS(O)(=O)=O,ethso3_e,CHEBI:42465
Ethanesulfonate,CCS(O)(=O)=O,ethso3_p,CHEBI:42465
Coenzyme F390 (adenosine),C[C@H](OP(O)(=O)OC[C@@H](O)[C@@H](O)[C@@H](O)Cn1c2cc(OP(O)(=O)OC[C@H]3O[C@H]([C@H](O)[C@@H]3O)n3cnc4c(N)ncnc34)ccc2cc2c1nc(=O)[nH]c2=O)C(=O)N[C@@H](CCC(=O)N[C@@H](CCC(O)=O)C(O)=O)C(O)=O,f390a_c,CHEBI:62784
Coenzyme F390 (guanosine),C[C@H](OP(O)(=O)OC[C@@H](O)[C@@H](O)[C@@H](O)Cn1c2cc(OP(O)(=O)OC[C@H]3O[C@H]([C@H](O)[C@@H]3O)n3cnc4c3nc(N)[nH]c4=O)ccc2cc2c1nc(=O)[nH]c2=O)C(=O)N[C@@H](CCC(=O)N[C@@H](CCC(O)=O)C(O)=O)C(O)=O,f390g_c,CHEBI:62786
Coenzyme ferredoxin 420-0,C[C@H](OP([O-])(=O)OC[C@@H](O)[C@@H](O)[C@@H](O)Cn1c2cc(O)ccc2cc2c1nc(=O)[nH]c2=O)C([O-])=O,f420_0_c,CHEBI:59531
Coenzyme ferredoxin 420-1,C[C@H](OP(O)(=O)OC[C@@H](O)[C@@H](O)[C@@H](O)Cn1c2cc(O)ccc2cc2c1nc(=O)[nH]c2=O)C(=O)N[C@@H](CCC(O)=O)C(O)=O,f420_1_c,CHEBI:59536
"D-Fructose 1,6-bisphosphate",O[C@H]1[C@H](O)C(O)(COP(O)(O)=O)O[C@@H]1COP(O)(O)=O,fdp_c,CHEBI:37736
"D-Fructose 1,6-bisphosphate",O[C@H]1[C@H](O)C(O)(COP(O)(O)=O)O[C@@H]1COP(O)(O)=O,fdp_e,CHEBI:37736
Ferrichrome,[H][C@]12CCCN3O[Fe-3]456(ON(CCC[C@]([H])(NC(=O)CNC(=O)CNC(=O)CNC1=O)C(=O)N[C@@]([H])(CCCN(O4)C(C)=[O+]5)C(=O)N2)C(C)=[O+]6)[O+]=C3C,fecrm_c,CHEBI:5019
Ferrichrome,[H][C@]12CCCN3O[Fe-3]456(ON(CCC[C@]([H])(NC(=O)CNC(=O)CNC(=O)CNC1=O)C(=O)N[C@@]([H])(CCCN(O4)C(C)=[O+]5)C(=O)N2)C(C)=[O+]6)[O+]=C3C,fecrm_e,CHEBI:5019
Ferrichrome,[H][C@]12CCCN3O[Fe-3]456(ON(CCC[C@]([H])(NC(=O)CNC(=O)CNC(=O)CNC1=O)C(=O)N[C@@]([H])(CCCN(O4)C(C)=[O+]5)C(=O)N2)C(C)=[O+]6)[O+]=C3C,fecrm_p,CHEBI:5019
Generic ferrioxamine-Fe-III,CC(=O)N1CCCCCNC(=O)CCC(=O)N2CCCCCNC(=O)CCC(=O)N(CCCCCN)O[Fe](O1)O2,feoxam_c,CHEBI:5044
Generic ferrioxamine-Fe-III,CC(=O)N1CCCCCNC(=O)CCC(=O)N2CCCCCNC(=O)CCC(=O)N(CCCCCN)O[Fe](O1)O2,feoxam_e,CHEBI:5044
Generic ferrioxamine-Fe-III,CC(=O)N1CCCCCNC(=O)CCC(=O)N2CCCCCNC(=O)CCC(=O)N(CCCCCN)O[Fe](O1)O2,feoxam_p,CHEBI:5044
Ferrioxamine-E,O=C1CCC(=O)N2CCCCCNC(=O)CCC(=O)N3CCCCCNC(=O)CCC(=O)N(CCCCCN1)O[Fe](O2)O3,feroxE_c,CHEBI:60261
Ferrioxamine-E,O=C1CCC(=O)N2CCCCCNC(=O)CCC(=O)N3CCCCCNC(=O)CCC(=O)N(CCCCCN1)O[Fe](O2)O3,feroxE_e,CHEBI:60261
Ferrioxamine-E,O=C1CCC(=O)N2CCCCCNC(=O)CCC(=O)N3CCCCCNC(=O)CCC(=O)N(CCCCCN1)O[Fe](O2)O3,feroxE_p,CHEBI:60261
Fructoselysine,N[C@@H](CCCCNCC(=O)[C@@H](O)[C@H](O)[C@H](O)CO)C(O)=O,frulys_c,CHEBI:24109
Fructoselysine,N[C@@H](CCCCNCC(=O)[C@@H](O)[C@H](O)[C@H](O)CO)C(O)=O,frulys_e,CHEBI:24109
Fructoselysine,N[C@@H](CCCCNCC(=O)[C@@H](O)[C@H](O)[C@H](O)CO)C(O)=O,frulys_p,CHEBI:24109
L-Fucose,[H]C(=O)[C@@H](O)[C@H](O)[C@H](O)[C@H](C)O,fuc__L_c,CHEBI:48204
L-Fucose,[H]C(=O)[C@@H](O)[C@H](O)[C@H](O)[C@H](C)O,fuc__L_e,CHEBI:48204
L-Fucose,[H]C(=O)[C@@H](O)[C@H](O)[C@H](O)[C@H](C)O,fuc__L_p,CHEBI:48204
(Gal)2 (GalNAc)1 (Glc)1 (GlcNAc)1 (LFuc)2 (Cer)1,CCCCCCCCCCCCC\C=C\[C@@H](O)[C@H](CO[C@@H]1O[C@H](CO)[C@@H](O[C@@H]2O[C@H](CO)[C@H](O)[C@H](O[C@@H]3O[C@H](CO)[C@@H](O[C@@H]4O[C@@H](C)[C@@H](O)[C@@H](O)[C@@H]4O)[C@H](O[C@@H]4O[C@H](CO)[C@H](O)[C@H](O[C@H]5O[C@H](CO)[C@H](O)[C@H](O)[C@H]5NC(C)=O)[C@H]4O[C@@H]4O[C@@H](C)[C@@H](O)[C@@H](O)[C@@H]4O)[C@H]3NC(C)=O)[C@H]2O)[C@H](O)[C@H]1O)NC([*])=O,fucacgalfucgalacglcgalgluside_cho_c,CHEBI:62656
(Gal)2 (GalNAc)1 (Glc)1 (GlcNAc)1 (LFuc)2 (Cer)1,CCCCCCCCCCCCC\C=C\[C@@H](O)[C@H](CO[C@@H]1O[C@H](CO)[C@@H](O[C@@H]2O[C@H](CO)[C@H](O)[C@H](O[C@@H]3O[C@H](CO)[C@@H](O[C@@H]4O[C@@H](C)[C@@H](O)[C@@H](O)[C@@H]4O)[C@H](O[C@@H]4O[C@H](CO)[C@H](O)[C@H](O[C@H]5O[C@H](CO)[C@H](O)[C@H](O)[C@H]5NC(C)=O)[C@H]4O[C@@H]4O[C@@H](C)[C@@H](O)[C@@H](O)[C@@H]4O)[C@H]3NC(C)=O)[C@H]2O)[C@H](O)[C@H]1O)NC([*])=O,fucacgalfucgalacglcgalgluside_cho_e,CHEBI:62656
"IV3-a-NeuAc,III3-a-Fuc-nLc4Cer",[H][C@]1(O[C@@](C[C@H](O)[C@H]1NC(C)=O)(O[C@H]1[C@@H](O)[C@@H](CO)O[C@@H](O[C@@H]2[C@@H](CO)O[C@@H](O[C@H]3[C@@H](O)[C@@H](CO)O[C@@H](O[C@H]4[C@H](O)[C@@H](O)[C@H](OC[C@H](NC([*])=O)[C@H](O)\C=C\CCCCCCCCCCCCC)O[C@@H]4CO)[C@@H]3O)[C@H](NC(C)=O)[C@H]2O[C@@H]2O[C@@H](C)[C@@H](O)[C@@H](O)[C@@H]2O)[C@@H]1O)C(O)=O)[C@H](O)[C@H](O)CO,fucacngal14acglcgalgluside_cho_c,CHEBI:62374
"IV3-a-NeuAc,III3-a-Fuc-nLc4Cer",[H][C@]1(O[C@@](C[C@H](O)[C@H]1NC(C)=O)(O[C@H]1[C@@H](O)[C@@H](CO)O[C@@H](O[C@@H]2[C@@H](CO)O[C@@H](O[C@H]3[C@@H](O)[C@@H](CO)O[C@@H](O[C@H]4[C@H](O)[C@@H](O)[C@H](OC[C@H](NC([*])=O)[C@H](O)\C=C\CCCCCCCCCCCCC)O[C@@H]4CO)[C@@H]3O)[C@H](NC(C)=O)[C@H]2O[C@@H]2O[C@@H](C)[C@@H](O)[C@@H](O)[C@@H]2O)[C@@H]1O)C(O)=O)[C@H](O)[C@H](O)CO,fucacngal14acglcgalgluside_cho_e,CHEBI:62374
Ley glycolipid,CCCCCCCCCCCCC\C=C\[C@@H](O)[C@H](CO[C@@H]1O[C@H](CO)[C@@H](O[C@@H]2O[C@H](CO)[C@H](O)[C@H](O[C@@H]3O[C@H](CO)[C@@H](O[C@@H]4O[C@H](CO)[C@H](O)[C@H](O)[C@H]4O[C@@H]4O[C@@H](C)[C@@H](O)[C@@H](O)[C@@H]4O)[C@H](O[C@@H]4O[C@@H](C)[C@@H](O)[C@@H](O)[C@@H]4O)[C@H]3NC(C)=O)[C@H]2O)[C@H](O)[C@H]1O)NC([*])=O,fucfuc12gal14acglcgalgluside_cho_c,CHEBI:62562
Ley glycolipid,CCCCCCCCCCCCC\C=C\[C@@H](O)[C@H](CO[C@@H]1O[C@H](CO)[C@@H](O[C@@H]2O[C@H](CO)[C@H](O)[C@H](O[C@@H]3O[C@H](CO)[C@@H](O[C@@H]4O[C@H](CO)[C@H](O)[C@H](O)[C@H]4O[C@@H]4O[C@@H](C)[C@@H](O)[C@@H](O)[C@@H]4O)[C@H](O[C@@H]4O[C@@H](C)[C@@H](O)[C@@H](O)[C@@H]4O)[C@H]3NC(C)=O)[C@H]2O)[C@H](O)[C@H]1O)NC([*])=O,fucfuc12gal14acglcgalgluside_cho_e,CHEBI:62562
Lacto-N-fucopentaosyl III ceramide,[C@H]1(O[C@@H]([C@@H]([C@@H]([C@H]1O)O)O)CO)O[C@H]2[C@@H]([C@H]([C@@H](O[C@@H]2CO)O[C@@H]3[C@H]([C@@H](O[C@@H]([C@@H]3O)CO)O[C@H]4[C@@H]([C@H]([C@@H](O[C@@H]4CO)OC[C@@H]([C@@H](*)O)NC(=O)*)O)O)O)NC(=O)C)O[C@@H]5O[C@H]([C@H]([C@H]([C@@H]5O)O)O)C,fucgal14acglcgalgluside_cho_c,CHEBI:90379
Lacto-N-fucopentaosyl III ceramide,[C@H]1(O[C@@H]([C@@H]([C@@H]([C@H]1O)O)O)CO)O[C@H]2[C@@H]([C@H]([C@@H](O[C@@H]2CO)O[C@@H]3[C@H]([C@@H](O[C@@H]([C@@H]3O)CO)O[C@H]4[C@@H]([C@H]([C@@H](O[C@@H]4CO)OC[C@@H]([C@@H](*)O)NC(=O)*)O)O)O)NC(=O)C)O[C@@H]5O[C@H]([C@H]([C@H]([C@@H]5O)O)O)C,fucgal14acglcgalgluside_cho_e,CHEBI:90379
Futalosine,O[C@@H]1[C@@H](CCC(=O)c2cccc(c2)C(O)=O)O[C@H]([C@@H]1O)n1cnc2c1nc[nH]c2=O,fut_c,CHEBI:51310
Glycerophosphoglycerol,OCC(O)COP(O)(=O)OCC(O)CO,g3pg_c,CHEBI:5457
Glycerophosphoglycerol,OCC(O)COP(O)(=O)OCC(O)CO,g3pg_e,CHEBI:5457
Glycerophosphoglycerol,OCC(O)COP(O)(=O)OCC(O)CO,g3pg_p,CHEBI:5457
Glycerophosphoserine,[NH3+][C@@H](COP([O-])(=O)OCC(O)CO)C([O-])=O,g3ps_c,CHEBI:61931
Glycerophosphoserine,[NH3+][C@@H](COP([O-])(=O)OCC(O)CO)C([O-])=O,g3ps_e,CHEBI:61931
Glycerophosphoserine,[NH3+][C@@H](COP([O-])(=O)OCC(O)CO)C([O-])=O,g3ps_p,CHEBI:61931
D-Galactonate,OC[C@@H](O)[C@H](O)[C@H](O)[C@@H](O)C([O-])=O,galctn__D_c,CHEBI:12931
D-Galactonate,OC[C@@H](O)[C@H](O)[C@H](O)[C@@H](O)C([O-])=O,galctn__D_e,CHEBI:12931
D-Galactonate,OC[C@@H](O)[C@H](O)[C@H](O)[C@@H](O)C([O-])=O,galctn__D_p,CHEBI:12931
L-Galactonate,OC[C@H](O)[C@@H](O)[C@@H](O)[C@H](O)C(O)=O,galctn__L_c,CHEBI:37425
L-Galactonate,OC[C@H](O)[C@@H](O)[C@@H](O)[C@H](O)C(O)=O,galctn__L_e,CHEBI:37425
L-Galactonate,OC[C@H](O)[C@@H](O)[C@@H](O)[C@H](O)C(O)=O,galctn__L_p,CHEBI:37425
(Gal)4 (Glc)1 (GlcNAc)2 (LFuc)1 (Cer)1,[C@@H]1([C@@H]([C@H]([C@H]([C@H](O1)CO)O)O[C@H]2[C@@H]([C@H]([C@@H]([C@H](O2)CO)O[C@H]3[C@@H]([C@H]([C@H]([C@H](O3)CO)O)O[C@H]4[C@@H]([C@H]([C@@H]([C@H](O4)CO)O[C@H]5[C@@H]([C@H]([C@H]([C@H](O5)CO)O)O[C@@H]6[C@@H]([C@H]([C@H]([C@H](O6)CO)O)O)O)O[C@H]7[C@H]([C@@H]([C@@H]([C@@H](O7)C)O)O)O)O)NC(=O)C)O)O)NC(=O)C)O)O[C@H]8[C@@H]([C@H]([C@@H](O[C@@H]8CO)OC[C@@H]([C@@H](/C=C/CCCCCCCCCCCCC)O)NC(=O)*)O)O,galfucgalacglcgal14acglcgalgluside_cho_c,CHEBI:90154
(Gal)4 (Glc)1 (GlcNAc)2 (LFuc)1 (Cer)1,[C@@H]1([C@@H]([C@H]([C@H]([C@H](O1)CO)O)O[C@H]2[C@@H]([C@H]([C@@H]([C@H](O2)CO)O[C@H]3[C@@H]([C@H]([C@H]([C@H](O3)CO)O)O[C@H]4[C@@H]([C@H]([C@@H]([C@H](O4)CO)O[C@H]5[C@@H]([C@H]([C@H]([C@H](O5)CO)O)O[C@@H]6[C@@H]([C@H]([C@H]([C@H](O6)CO)O)O)O)O[C@H]7[C@H]([C@@H]([C@@H]([C@@H](O7)C)O)O)O)O)NC(=O)C)O)O)NC(=O)C)O)O[C@H]8[C@@H]([C@H]([C@@H](O[C@@H]8CO)OC[C@@H]([C@@H](/C=C/CCCCCCCCCCCCC)O)NC(=O)*)O)O,galfucgalacglcgal14acglcgalgluside_cho_e,CHEBI:90154
Glycolaldehyde,O/C=C\O,gcald_c,CHEBI:131198
Glycolaldehyde,O/C=C\O,gcald_e,CHEBI:131198
Glycolaldehyde,O/C=C\O,gcald_p,CHEBI:131198
GD1c,O[C@H]1[C@H]([C@H](O[C@H]([C@@H]1O)O[C@@H]2[C@H](O[C@@H](OC[C@@H]([C@@H](/C=C/CCCCCCCCCCCCC)O)NC(=O)*)[C@@H]([C@H]2O)O)CO)CO)O[C@H]3[C@@H]([C@H]([C@@H](O)[C@H](O3)CO)O[C@H]4[C@@H]([C@@H](O[C@]5(O[C@]([C@@H]([C@H](C5)O)NC(C)=O)([C@@H]([C@H](O[C@]6(O[C@]([C@@H]([C@H](C6)O)NC(C)=O)([C@@H]([C@@H](CO)O)O)[H])C(=O)[O-])CO)O)[H])C([O-])=O)[C@H]([C@H](O4)CO)O)O)NC(C)=O,gd1c_cho_c,CHEBI:87787
GD1c,O[C@H]1[C@H]([C@H](O[C@H]([C@@H]1O)O[C@@H]2[C@H](O[C@@H](OC[C@@H]([C@@H](/C=C/CCCCCCCCCCCCC)O)NC(=O)*)[C@@H]([C@H]2O)O)CO)CO)O[C@H]3[C@@H]([C@H]([C@@H](O)[C@H](O3)CO)O[C@H]4[C@@H]([C@@H](O[C@]5(O[C@]([C@@H]([C@H](C5)O)NC(C)=O)([C@@H]([C@H](O[C@]6(O[C@]([C@@H]([C@H](C6)O)NC(C)=O)([C@@H]([C@@H](CO)O)O)[H])C(=O)[O-])CO)O)[H])C([O-])=O)[C@H]([C@H](O4)CO)O)O)NC(C)=O,gd1c_cho_e,CHEBI:87787
GDP-L-fucose,C[C@@H]1O[C@H](OP(O)(=O)OP(O)(=O)OC[C@H]2O[C@H]([C@H](O)[C@@H]2O)N2C=NC3=C2N=C(N)NC3=O)[C@@H](O)[C@H](O)[C@@H]1O,gdpfuc_c,CHEBI:13332
Gamma-glutamyl-gamma aminobutyric acid,N[C@@H](CCC(=O)NCCCC(O)=O)C(O)=O,gg4abut_c,CHEBI:49260
Gamma-glutamyl-gamma-butyraldehyde,[H]C(=O)CCCNC(=O)CC[C@H]([NH3+])C([O-])=O,ggbutal_c,CHEBI:61508
L-Glutamate 1-semialdehyde,[H]C(=O)[C@@H](N)CCC([O-])=O,glu1sa_c,CHEBI:11022
5 L Glutamyl L alanine C8H13N2O5,[NH3+][C@H](C([O-])=O)CCC(=O)N[C@H](C(=O)[O-])C,gluala_c,CHEBI:133091
5 L Glutamyl L alanine C8H13N2O5,[NH3+][C@H](C([O-])=O)CCC(=O)N[C@H](C(=O)[O-])C,gluala_e,CHEBI:133091
Gly asp L C6H9N2O5,NCC(=O)N[C@@H](CC(O)=O)C(O)=O,gly_asp__L_c,CHEBI:73804
Gly asp L C6H9N2O5,NCC(=O)N[C@@H](CC(O)=O)C(O)=O,gly_asp__L_e,CHEBI:73804
Gly Cys C5H10N2O3S,NCC(=O)N[C@@H](CS)C(O)=O,gly_cys__L_c,CHEBI:73890
Gly Leu C8H16N2O3,CC(C)C[C@H](NC(=O)CN)C(O)=O,gly_leu__L_c,CHEBI:73514
Gly Met C7H14N2O3S,CSCC[C@H](NC(=O)CN)C(O)=O,gly_met__L_c,CHEBI:74120
Gly Met C7H14N2O3S,CSCC[C@H](NC(=O)CN)C(O)=O,gly_met__L_e,CHEBI:74120
Gly Phe C11H14N2O3,[NH3+]CC(=O)N[C@H](C(=O)[O-])CC=1C=CC=CC1,gly_phe__L_c,CHEBI:133047
Glycerol 1-phosphate,OCC(O)COP(O)(O)=O,glyc1p_c,CHEBI:14336
Glycylleucine,CC(C)C[C@H](NC(=O)CN)C(O)=O,glyleu_c,CHEBI:73514
Glycylleucine,CC(C)C[C@H](NC(=O)CN)C(O)=O,glyleu_e,CHEBI:73514
Glycylphenylalanine,[NH3+]CC(=O)N[C@H](C(=O)[O-])CC=1C=CC=CC1,glyphe_c,CHEBI:133047
Glycylphenylalanine,[NH3+]CC(=O)N[C@H](C(=O)[O-])CC=1C=CC=CC1,glyphe_e,CHEBI:133047
Glycylphenylalanine,[NH3+]CC(=O)N[C@H](C(=O)[O-])CC=1C=CC=CC1,glyphe_p,CHEBI:133047
Glycylproline,NCC(=O)N1CCC[C@H]1C(O)=O,glypro_c,CHEBI:70744
Glycylproline,NCC(=O)N1CCC[C@H]1C(O)=O,glypro_e,CHEBI:70744
"D-Glycero-D-manno-heptose 1,7-bisphosphate",[H][C@@]1(OC(OP(O)(O)=O)[C@@H](O)[C@@H](O)[C@@H]1O)[C@H](O)COP(O)(O)=O,gmhep17bp_c,CHEBI:4188
GP1c alpha,[C@]1(O[C@]([C@@H]([C@H](C1)O)NC(C)=O)([C@@H]([C@H](O)CO)O)[H])(O[C@H]2[C@H]([C@H](O[C@H]([C@@H]2O)O[C@@H]3[C@H]([C@H](O[C@@H]4[C@H](O[C@]5(O[C@]([C@@H]([C@H](C5)O)NC(C)=O)([C@@H]([C@H](O[C@]6(O[C@]([C@@H]([C@H](C6)O)NC(C)=O)([C@@H]([C@@H](CO)O[C@]7(O[C@]([C@@H]([C@H](C7)O)NC(C)=O)([C@@H]([C@@H](CO)O)O)[H])C(=O)[O-])O)[H])C(=O)[O-])CO)O)[H])C([O-])=O)[C@H]([C@H](O[C@@H]8[C@H](O[C@@H](OC[C@@H]([C@@H](/C=C/CCCCCCCCCCCCC)O)NC(=O)*)[C@@H]([C@H]8O)O)CO)O[C@@H]4CO)O)O[C@H](CO[C@]9(O[C@]([C@@H]([C@H](C9)O)NC(C)=O)([C@@H]([C@@H](CO)O)O)[H])C(=O)[O-])[C@@H]3O)NC(C)=O)CO)O)C([O-])=O,gp1calpha_cho_c,CHEBI:87802
GP1c alpha,[C@]1(O[C@]([C@@H]([C@H](C1)O)NC(C)=O)([C@@H]([C@H](O)CO)O)[H])(O[C@H]2[C@H]([C@H](O[C@H]([C@@H]2O)O[C@@H]3[C@H]([C@H](O[C@@H]4[C@H](O[C@]5(O[C@]([C@@H]([C@H](C5)O)NC(C)=O)([C@@H]([C@H](O[C@]6(O[C@]([C@@H]([C@H](C6)O)NC(C)=O)([C@@H]([C@@H](CO)O[C@]7(O[C@]([C@@H]([C@H](C7)O)NC(C)=O)([C@@H]([C@@H](CO)O)O)[H])C(=O)[O-])O)[H])C(=O)[O-])CO)O)[H])C([O-])=O)[C@H]([C@H](O[C@@H]8[C@H](O[C@@H](OC[C@@H]([C@@H](/C=C/CCCCCCCCCCCCC)O)NC(=O)*)[C@@H]([C@H]8O)O)CO)O[C@@H]4CO)O)O[C@H](CO[C@]9(O[C@]([C@@H]([C@H](C9)O)NC(C)=O)([C@@H]([C@@H](CO)O)O)[H])C(=O)[O-])[C@@H]3O)NC(C)=O)CO)O)C([O-])=O,gp1calpha_cho_e,CHEBI:87802
GQ1balpha,CCCCCCCCCCCCC\C=C\[C@@H](O)[C@H](CO[C@@H]1O[C@H](CO)[C@@H](O[C@@H]2O[C@H](CO)[C@H](O[C@@H]3O[C@H](CO[C@@]4(C[C@H](O)[C@@H](NC(C)=O)[C@@H](O4)[C@H](O)[C@H](O)CO)C([O-])=O)[C@H](O)[C@H](O[C@@H]4O[C@H](CO)[C@H](O)[C@H](O[C@@]5(C[C@H](O)[C@@H](NC(C)=O)[C@@H](O5)[C@H](O)[C@H](O)CO)C([O-])=O)[C@H]4O)[C@H]3NC(C)=O)[C@H](O[C@@]3(C[C@H](O)[C@@H](NC(C)=O)[C@@H](O3)[C@H](O)[C@@H](CO)O[C@@]3(C[C@H](O)[C@@H](NC(C)=O)[C@@H](O3)[C@H](O)[C@H](O)CO)C([O-])=O)C([O-])=O)[C@H]2O)[C@H](O)[C@H]1O)NC([*])=O,gq1balpha_cho_c,CHEBI:78572
GQ1balpha,CCCCCCCCCCCCC\C=C\[C@@H](O)[C@H](CO[C@@H]1O[C@H](CO)[C@@H](O[C@@H]2O[C@H](CO)[C@H](O[C@@H]3O[C@H](CO[C@@]4(C[C@H](O)[C@@H](NC(C)=O)[C@@H](O4)[C@H](O)[C@H](O)CO)C([O-])=O)[C@H](O)[C@H](O[C@@H]4O[C@H](CO)[C@H](O)[C@H](O[C@@]5(C[C@H](O)[C@@H](NC(C)=O)[C@@H](O5)[C@H](O)[C@H](O)CO)C([O-])=O)[C@H]4O)[C@H]3NC(C)=O)[C@H](O[C@@]3(C[C@H](O)[C@@H](NC(C)=O)[C@@H](O3)[C@H](O)[C@@H](CO)O[C@@]3(C[C@H](O)[C@@H](NC(C)=O)[C@@H](O3)[C@H](O)[C@H](O)CO)C([O-])=O)C([O-])=O)[C@H]2O)[C@H](O)[C@H]1O)NC([*])=O,gq1balpha_cho_e,CHEBI:78572
L-gulonate,OC[C@H](O)[C@@H](O)[C@H](O)[C@H](O)C([O-])=O,guln__L_c,CHEBI:13115
L-gulonate,OC[C@H](O)[C@@H](O)[C@H](O)[C@H](O)C([O-])=O,guln__L_e,CHEBI:13115
L-gulonate,OC[C@H](O)[C@@H](O)[C@H](O)[C@H](O)C([O-])=O,guln__L_p,CHEBI:13115
Cis-(homo)2aconitate,OC(=O)CCC\C(=C\C(O)=O)C(O)=O,h2acon_C_c,CHEBI:72708
"7,8-dihydromethanopterin",C[C@@H](Nc1ccc(C[C@H](O)[C@H](O)[C@H](O)CO[C@H]2O[C@H](COP(O)(=O)O[C@@H](CCC(O)=O)C(O)=O)[C@@H](O)[C@H]2O)cc1)C1=Nc2c(N[C@H]1C)nc(N)[nH]c2=O,h2mpt_c,CHEBI:2251
Cis-(homo)3aconitate,OC(=O)CCCC\C(=C\C(O)=O)C(O)=O,h3acon_C_c,CHEBI:72711
Tetrahydrosarcinapterin,[H][C@]1(Nc2c(N[C@H]1C)nc(N)[nH]c2=O)[C@@H](C)Nc1ccc(C[C@H](O)[C@H](O)[C@H](O)CO[C@H]2O[C@H](COP(O)(=O)O[C@@H](CCC(O)=O)C(=O)N[C@@H](CCC(O)=O)C(O)=O)[C@@H](O)[C@H]2O)cc1,h4spt_c,CHEBI:59345
Heptosyl-heptosyl-kdo2-lipidA,[H][C@@]1(O[C@@](C[C@@H](O)[C@H]1O)(O[C@@H]1C[C@@](OC[C@H]2O[C@@H](OC[C@H]3O[C@H](OP([O-])([O-])=O)[C@H](NC(=O)C[C@H](O)CCCCCCCCCCC)[C@@H](OC(=O)C[C@H](O)CCCCCCCCCCC)[C@@H]3O)[C@H](NC(=O)C[C@@H](CCCCCCCCCCC)OC(=O)CCCCCCCCCCC)[C@@H](OC(=O)C[C@@H](CCCCCCCCCCC)OC(=O)CCCCCCCCCCCCC)[C@@H]2OP([O-])([O-])=O)(O[C@]([H])([C@H](O)CO)[C@@H]1O[C@H]1O[C@H]([C@@H](O)CO)[C@@H](O)[C@H](O[C@H]2O[C@H]([C@@H](O)CO)[C@@H](O)[C@H](O)[C@@H]2O)[C@@H]1O)C([O-])=O)C([O-])=O)[C@H](O)CO,hhlipa_c,CHEBI:61507
2-Hydroxy-3-keto-5-methylthiopentenyl-1-phosphate,[H]C(OP(O)(O)=O)=C(O)C(=O)CCSC,hkmpp_c,CHEBI:50605
2-hydroxy-6-ketononatrienedioate,O\C(=C\C=C/C(=O)/C=C/C([O-])=O)C([O-])=O,hkntd_c,CHEBI:61450
Heptosyl-kdo2-lipidA,[H][C@@]1(O[C@@](C[C@@H](O)[C@H]1O)(O[C@@H]1C[C@@](OC[C@H]2O[C@@H](OC[C@H]3O[C@H](OP([O-])([O-])=O)[C@H](NC(=O)C[C@H](O)CCCCCCCCCCC)[C@@H](OC(=O)C[C@H](O)CCCCCCCCCCC)[C@@H]3O)[C@H](NC(=O)C[C@@H](CCCCCCCCCCC)OC(=O)CCCCCCCCCCC)[C@@H](OC(=O)C[C@@H](CCCCCCCCCCC)OC(=O)CCCCCCCCCCCCC)[C@@H]2OP([O-])([O-])=O)(O[C@]([H])([C@H](O)CO)[C@@H]1O[C@H]1O[C@H]([C@@H](O)CO)[C@@H](O)[C@H](O)[C@@H]1O)C([O-])=O)C([O-])=O)[C@H](O)CO,hlipa_c,CHEBI:61502
4-hydroxy-5-methyl-3(2H)-furanone,CC1=C(O)C(=O)CO1,hmfurn_c,CHEBI:74456
"5-Hydroxy-2-oxo-4-ureido-2,5-dihydro-1H-imidazole-5-carboxylate",NC(=O)NC1=NC(=O)NC1(O)C(O)=O,houdic_c,CHEBI:31132
Heptanal C7H14O,O=CCCCCCC,hpal_c,CHEBI:34787
Hexanal C6H12O,C(CCC)CC([H])=O,hxal_c,CHEBI:88528
S-2-(indol-3-yl)acetyl-CoA,CC(C)(COP(O)(=O)OP(O)(=O)OC[C@H]1O[C@H]([C@H](O)[C@@H]1OP(O)(O)=O)n1cnc2c(N)ncnc12)[C@@H](O)C(=O)NCCC(=O)NCCSC(=O)Cc1c[nH]c2ccccc12,indaccoa_c,CHEBI:12755
Isethionic acid,OCCS(O)(=O)=O,isetac_c,CHEBI:1157
Isethionic acid,OCCS(O)(=O)=O,isetac_e,CHEBI:1157
Isethionic acid,OCCS(O)(=O)=O,isetac_p,CHEBI:1157
Isethionate C2H5O4S,OCCS(O)(=O)=O,istnt_c,CHEBI:1157
Isethionate C2H5O4S,OCCS(O)(=O)=O,istnt_e,CHEBI:1157
Isovaleryl carnitine,CC(C)CC(=O)O[C@H](CC([O-])=O)C[N+](C)(C)C,ivcrn_c,CHEBI:70819
Isovaleryl carnitine,CC(C)CC(=O)O[C@H](CC([O-])=O)C[N+](C)(C)C,ivcrn_e,CHEBI:70819
3-Deoxy-D-manno-2-octulosonate,[H][C@@]1(O[C@](O)(C[C@@H](O)[C@H]1O)C(O)=O)[C@H](O)CO,kdo_c,CHEBI:43577
Lanthionine C6H12N2O4S,N[C@@H](CSC[C@H](N)C(O)=O)C(O)=O,lanth_c,CHEBI:21347
Lanthionine C6H12N2O4S,N[C@@H](CSC[C@H](N)C(O)=O)C(O)=O,lanth_e,CHEBI:21347
Leucylglycine,[NH3+][C@H](C(=O)NCC(=O)[O-])CC(C)C,leugly_c,CHEBI:133658
Leucylglycine,[NH3+][C@H](C(=O)NCC(=O)[O-])CC(C)C,leugly_e,CHEBI:133658
Lidocaine,CCN(CC)CC(=O)Nc1c(C)cccc1C,lido_c,CHEBI:6456
Lidocaine,CCN(CC)CC(=O)Nc1c(C)cccc1C,lido_e,CHEBI:6456
Cold adapted KDO(2)-lipid (A),[H][C@@]1(O[C@@](C[C@@H](O)[C@H]1O)(O[C@@H]1C[C@@](OC[C@H]2O[C@@H](OC[C@H]3O[C@H](OP([O-])([O-])=O)[C@H](NC(=O)C[C@H](O)CCCCCCCCCCC)[C@@H](OC(=O)C[C@H](O)CCCCCCCCCCC)[C@@H]3O)[C@H](NC(=O)C[C@@H](CCCCCCCCCCC)OC(=O)CCCCCCC\C=C/CCCCCC)[C@@H](OC(=O)C[C@@H](CCCCCCCCCCC)OC(=O)CCCCCCCCCCCCC)[C@@H]2OP([O-])([O-])=O)(O[C@]([H])([C@H](O)CO)[C@@H]1O)C([O-])=O)C([O-])=O)[C@H](O)CO,lipa_cold_c,CHEBI:61522
Cold adapted KDO(2)-lipid (A),[H][C@@]1(O[C@@](C[C@@H](O)[C@H]1O)(O[C@@H]1C[C@@](OC[C@H]2O[C@@H](OC[C@H]3O[C@H](OP([O-])([O-])=O)[C@H](NC(=O)C[C@H](O)CCCCCCCCCCC)[C@@H](OC(=O)C[C@H](O)CCCCCCCCCCC)[C@@H]3O)[C@H](NC(=O)C[C@@H](CCCCCCCCCCC)OC(=O)CCCCCCC\C=C/CCCCCC)[C@@H](OC(=O)C[C@@H](CCCCCCCCCCC)OC(=O)CCCCCCCCCCCCC)[C@@H]2OP([O-])([O-])=O)(O[C@]([H])([C@H](O)CO)[C@@H]1O)C([O-])=O)C([O-])=O)[C@H](O)CO,lipa_cold_e,CHEBI:61522
Cold adapted KDO(2)-lipid (A),[H][C@@]1(O[C@@](C[C@@H](O)[C@H]1O)(O[C@@H]1C[C@@](OC[C@H]2O[C@@H](OC[C@H]3O[C@H](OP([O-])([O-])=O)[C@H](NC(=O)C[C@H](O)CCCCCCCCCCC)[C@@H](OC(=O)C[C@H](O)CCCCCCCCCCC)[C@@H]3O)[C@H](NC(=O)C[C@@H](CCCCCCCCCCC)OC(=O)CCCCCCC\C=C/CCCCCC)[C@@H](OC(=O)C[C@@H](CCCCCCCCCCC)OC(=O)CCCCCCCCCCCCC)[C@@H]2OP([O-])([O-])=O)(O[C@]([H])([C@H](O)CO)[C@@H]1O)C([O-])=O)C([O-])=O)[C@H](O)CO,lipa_cold_p,CHEBI:61522
Lipoyl-AMP,Nc1ncnc2n(cnc12)[C@@H]1O[C@H](COP(O)(=O)OC(=O)CCCCC2CCSS2)[C@@H](O)[C@H]1O,lipoamp_c,CHEBI:55451
Alpha-Linolenoyl-CoA,CC\C=C/C\C=C/C\C=C/CCCCCCCC(=O)SCCNC(=O)CCNC(=O)[C@H](O)C(C)(C)COP(O)(=O)OP(O)(=O)OC[C@H]1O[C@H]([C@H](O)[C@@H]1OP(O)(O)=O)n1cnc2c(N)ncnc12,lnlncacoa_c,CHEBI:51985
Lactyl-(2)-diphospho-(5')-guanosine,C[C@H](OP([O-])(=O)OP([O-])(=O)OC[C@H]1O[C@H]([C@H](O)[C@@H]1O)n1cnc2c1nc(N)[nH]c2=O)C([O-])=O,lppg_c,CHEBI:59435
L-Lyxose,O[C@H]1COC(O)[C@H](O)[C@@H]1O,lyx__L_c,CHEBI:62321
L-Lyxose,O[C@H]1COC(O)[C@H](O)[C@@H]1O,lyx__L_e,CHEBI:62321
L-Lyxose,O[C@H]1COC(O)[C@H](O)[C@@H]1O,lyx__L_p,CHEBI:62321
M-toluate,Cc1cccc(c1)C(O)=O,m_tol_c,CHEBI:10589
Malonyl-CoA methyl ester,COC(=O)CC(=O)SCCNC(=O)CCNC(=O)C(O)C(C)(C)COP([O-])(=O)OP([O-])(=O)OC[C@H]1O[C@H]([C@H](O)[C@@H]1OP([O-])([O-])=O)n1cnc2c(N)ncnc12,malcoame_c,CHEBI:71242
Maltose 6'-phosphate,C1([C@@H]([C@H]([C@@H]([C@H](O1)CO)O[C@@H]2[C@@H]([C@H]([C@@H]([C@H](O2)COP(O)(=O)O)O)O)O)O)O)O,malt6p_c,CHEBI:111006
Maltoheptaose,OC[C@@H](O)[C@@H](O[C@H]1O[C@H](CO)[C@@H](O[C@H]2O[C@H](CO)[C@@H](O[C@H]3O[C@H](CO)[C@@H](O[C@H]4O[C@H](CO)[C@@H](O[C@H]5O[C@H](CO)[C@@H](O[C@H]6O[C@H](CO)[C@@H](O)[C@H](O)[C@H]6O)[C@H](O)[C@H]5O)[C@H](O)[C@H]4O)[C@H](O)[C@H]3O)[C@H](O)[C@H]2O)[C@H](O)[C@H]1O)[C@H](O)[C@@H](O)C=O,malthp_c,CHEBI:62010
Maltoheptaose,OC[C@@H](O)[C@@H](O[C@H]1O[C@H](CO)[C@@H](O[C@H]2O[C@H](CO)[C@@H](O[C@H]3O[C@H](CO)[C@@H](O[C@H]4O[C@H](CO)[C@@H](O[C@H]5O[C@H](CO)[C@@H](O[C@H]6O[C@H](CO)[C@@H](O)[C@H](O)[C@H]6O)[C@H](O)[C@H]5O)[C@H](O)[C@H]4O)[C@H](O)[C@H]3O)[C@H](O)[C@H]2O)[C@H](O)[C@H]1O)[C@H](O)[C@@H](O)C=O,malthp_e,CHEBI:62010
Maltopentaose,OC[C@H]1O[C@H](O[C@@H]2[C@@H](CO)O[C@H](O[C@@H]3[C@@H](CO)O[C@H](O[C@@H]4[C@@H](CO)O[C@H](O[C@@H]5[C@@H](CO)O[C@H](O)[C@H](O)[C@H]5O)[C@H](O)[C@H]4O)[C@H](O)[C@H]3O)[C@H](O)[C@H]2O)[C@H](O)[C@@H](O)[C@@H]1O,maltpt_c,CHEBI:61952
Maltopentaose,OC[C@H]1O[C@H](O[C@@H]2[C@@H](CO)O[C@H](O[C@@H]3[C@@H](CO)O[C@H](O[C@@H]4[C@@H](CO)O[C@H](O[C@@H]5[C@@H](CO)O[C@H](O)[C@H](O)[C@H]5O)[C@H](O)[C@H]4O)[C@H](O)[C@H]3O)[C@H](O)[C@H]2O)[C@H](O)[C@@H](O)[C@@H]1O,maltpt_e,CHEBI:61952
Maltopentaose,OC[C@H]1O[C@H](O[C@@H]2[C@@H](CO)O[C@H](O[C@@H]3[C@@H](CO)O[C@H](O[C@@H]4[C@@H](CO)O[C@H](O[C@@H]5[C@@H](CO)O[C@H](O)[C@H](O)[C@H]5O)[C@H](O)[C@H]4O)[C@H](O)[C@H]3O)[C@H](O)[C@H]2O)[C@H](O)[C@@H](O)[C@@H]1O,maltpt_p,CHEBI:61952
Mannotetraose,OC[C@H]1O[C@@H](O[C@@H]2[C@@H](CO)O[C@@H](O[C@@H]3[C@@H](CO)O[C@@H](O[C@@H]4[C@@H](CO)OC(O)[C@@H](O)[C@H]4O)[C@@H](O)[C@H]3O)[C@@H](O)[C@H]2O)[C@@H](O)[C@@H](O)[C@@H]1O,manttr_c,CHEBI:62973
Mannotetraose,OC[C@H]1O[C@@H](O[C@@H]2[C@@H](CO)O[C@@H](O[C@@H]3[C@@H](CO)O[C@@H](O[C@@H]4[C@@H](CO)OC(O)[C@@H](O)[C@H]4O)[C@@H](O)[C@H]3O)[C@@H](O)[C@H]2O)[C@@H](O)[C@@H](O)[C@@H]1O,manttr_e,CHEBI:62973
"(2R,4S)-2-methyl-2,4-dihydroxydihydrofuran-3-one",C[C@@]1(O)OC[C@H](O)C1=O,mdhdhf_c,CHEBI:71316
Monoethylglycinexylidide,CCNCC(=O)Nc1c(C)cccc1C,meglyxyl_c,CHEBI:222828
Monoethylglycinexylidide,CCNCC(=O)Nc1c(C)cccc1C,meglyxyl_e,CHEBI:222828
Melibiose C12H22O11,OC[C@H]1O[C@H](OC[C@H]2O[C@@H](O)[C@H](O)[C@@H](O)[C@@H]2O)[C@H](O)[C@@H](O)[C@H]1O,melib_c,CHEBI:61827
Melibiose C12H22O11,OC[C@H]1O[C@H](OC[C@H]2O[C@@H](O)[C@H](O)[C@@H](O)[C@@H]2O)[C@H](O)[C@@H](O)[C@H]1O,melib_e,CHEBI:61827
Melibiose C12H22O11,OC[C@H]1O[C@H](OC[C@H]2O[C@@H](O)[C@H](O)[C@@H](O)[C@@H]2O)[C@H](O)[C@@H](O)[C@H]1O,melib_p,CHEBI:61827
24-Methylenecycloartanol,[C@]123[C@@]4([C@](C([C@@H](O)CC4)(C)C)(CC[C@]1([C@]5([C@]([C@@]([C@@H](CCC(C(C)C)=C)C)(CC5)[H])(C)CC2)C)[H])[H])C3,menecyart_c,CHEBI:1307
Met His C11H18N4O3S,CSCC[C@H](N)C(=O)N[C@@H](Cc1c[nH]cn1)C(O)=O,met_L_his__L_c,CHEBI:74703
Met Met C10H20N2O3S2,C(=O)([C@@H](N)CCSC)N[C@H](C(=O)O)CCSC,met_L_met__L_c,CHEBI:74707
Met Phe C14H20N2O3S,CSCC[C@H](N)C(=O)N[C@@H](Cc1ccccc1)C(O)=O,met_L_phe__L_c,CHEBI:74708
Met Tyr C14H20N2O4S,CSCC[C@H](N)C(=O)N[C@@H](Cc1ccc(O)cc1)C(O)=O,met_L_tyr__L_c,CHEBI:73615
L-methionine-R-sulfoxide,OC(=O)[C@@H](N)CC[S@](=O)C,metsox_R__L_c,CHEBI:49032
L-methionine-R-sulfoxide,OC(=O)[C@@H](N)CC[S@](=O)C,metsox_R__L_e,CHEBI:49032
L-methionine-R-sulfoxide,OC(=O)[C@@H](N)CC[S@](=O)C,metsox_R__L_p,CHEBI:49032
N5-methyl-tetrahydrosarcinapterin,[H][C@]1([C@@H](C)Nc2ccc(C[C@H](O)[C@H](O)[C@H](O)CO[C@H]3O[C@H](COP([O-])(=O)O[C@@H](CCC([O-])=O)C(=O)N[C@@H](CCC([O-])=O)C([O-])=O)[C@@H](O)[C@H]3O)cc2)[C@H](C)Nc2nc(N)[nH]c(=O)c2N1C,mh4spt_c,CHEBI:64267
Mn4+,[Mn+4],mn4_e,CHEBI:25158
10-methylstearic acid,CCCCCCCCC(C)CCCCCCCCC(O)=O,mocdca_c,CHEBI:68565
Molybdenum cofactor,C1(NC(=NC2=C1N[C@]3(C4=C([C@H](O[C@]3(N2)[H])COP([O-])([O-])=O)S[Mo](S4)(=O)(O)S*)[H])N)=O,moco_c,CHEBI:60525
Adenylated molybdopterin,[H][C@]12Nc3nc(N)[nH]c(=O)c3N[C@@]1([H])C(S)=C([S-])[C@@H](COP([O-])(=O)OP([O-])(=O)OC[C@H]1O[C@H]([C@H](O)[C@@H]1O)n1cnc3c(N)ncnc13)O2,mptamp_c,CHEBI:62727
Menaquinol 6,CC(C)=CCC\C(C)=C\CC\C(C)=C\CC\C(C)=C\CC\C(C)=C\CC\C(C)=C\Cc1c(C)c(O)c2ccccc2c1O,mql6_c,CHEBI:84536
Menaquinol 7 C46H66O2,CC(C)=CCC\C(C)=C\CC\C(C)=C\CC\C(C)=C\CC\C(C)=C\CC\C(C)=C\CC\C(C)=C\Cc1c(C)c(O)c2ccccc2c1O,mql7_c,CHEBI:64834
Menaquinol 8,CC(C)=CCC\C(C)=C\CC\C(C)=C\CC\C(C)=C\CC\C(C)=C\CC\C(C)=C\CC\C(C)=C\CC\C(C)=C\Cc1c(C)c(O)c2ccccc2c1O,mql8_c,CHEBI:61684
Menaquinone 7 C46H64O2,CC(C)=CCC\C(C)=C\CC\C(C)=C\CC\C(C)=C\CC\C(C)=C\CC\C(C)=C\CC\C(C)=C\CC1=C(C)C(=O)c2ccccc2C1=O,mqn7_c,CHEBI:44245
Menaquinone 7 C46H64O2,CC(C)=CCC\C(C)=C\CC\C(C)=C\CC\C(C)=C\CC\C(C)=C\CC\C(C)=C\CC\C(C)=C\CC1=C(C)C(=O)c2ccccc2C1=O,mqn7_e,CHEBI:44245
Menaquinone 8,CC(C)=CCC\C(C)=C\CC\C(C)=C\CC\C(C)=C\CC\C(C)=C\CC\C(C)=C\CC\C(C)=C\CC\C(C)=C\CC1=C(C)C(=O)c2ccccc2C1=O,mqn8_c,CHEBI:44027
Menaquinone 8,CC(C)=CCC\C(C)=C\CC\C(C)=C\CC\C(C)=C\CC\C(C)=C\CC\C(C)=C\CC\C(C)=C\CC\C(C)=C\CC1=C(C)C(=O)c2ccccc2C1=O,mqn8_e,CHEBI:44027
Methanesulfonate,CS([O-])(=O)=O,mso3_c,CHEBI:25224
Methanesulfonate,CS([O-])(=O)=O,mso3_e,CHEBI:25224
Methanesulfonate,CS([O-])(=O)=O,mso3_p,CHEBI:25224
"(2R,4S)-2-methyl-2,3,3,4-tetrahydroxytetrahydrofuran",C[C@@]1(O)OC[C@H](O)C1(O)O,mththf_c,CHEBI:44800
"(2R,4S)-2-methyl-2,3,3,4-tetrahydroxytetrahydrofuran",C[C@@]1(O)OC[C@H](O)C1(O)O,mththf_e,CHEBI:44800
"(2R,4S)-2-methyl-2,3,3,4-tetrahydroxytetrahydrofuran",C[C@@]1(O)OC[C@H](O)C1(O)O,mththf_p,CHEBI:44800
3-methylthiopropionate,CSCCC(O)=O,mtpp_c,CHEBI:1438
"N-3-aminopropyl-1,5-diaminopentane",[NH3+]CCCCC[NH2+]CCC[NH3+],na15dap_c,CHEBI:64858
N-Formyl maleamic acid,[O-]C(=O)\C=C/C(=O)NC=O,nfmalm_c,CHEBI:59911
Nifedipine c,COC(=O)C1=C(C)NC(C)=C(C1c1ccccc1[N+]([O-])=O)C(=O)OC,nifedipine_c,CHEBI:7565
Nifedipine c,COC(=O)C1=C(C)NC(C)=C(C1c1ccccc1[N+]([O-])=O)C(=O)OC,nifedipine_e,CHEBI:7565
Nonanal C9H18O,CCCCCCCCC=O,nonal_c,CHEBI:84268
9-O-Acetylated GD3,O([C@@H]1[C@H]([C@H](O[C@@H]2[C@H](O[C@@H](OC[C@@H]([C@@H](/C=C/CCCCCCCCCCCCC)O)NC(=O)*)[C@@H]([C@H]2O)O)CO)O[C@@H]([C@@H]1O)CO)O)[C@]3(O[C@]([C@@H]([C@H](C3)O)NC(C)=O)([C@@H]([C@H](O[C@]4(O[C@]([C@@H]([C@H](C4)O)NC(C)=O)([C@@H]([C@@H](COC(=O)C)O)O)[H])C(=O)O)CO)O)[H])C(O)=O,oagd3_cho_c,CHEBI:61730
9-O-Acetylated GD3,O([C@@H]1[C@H]([C@H](O[C@@H]2[C@H](O[C@@H](OC[C@@H]([C@@H](/C=C/CCCCCCCCCCCCC)O)NC(=O)*)[C@@H]([C@H]2O)O)CO)O[C@@H]([C@@H]1O)CO)O)[C@]3(O[C@]([C@@H]([C@H](C3)O)NC(C)=O)([C@@H]([C@H](O[C@]4(O[C@]([C@@H]([C@H](C4)O)NC(C)=O)([C@@H]([C@@H](COC(=O)C)O)O)[H])C(=O)O)CO)O)[H])C(O)=O,oagd3_cho_e,CHEBI:61730
(11Z)-octadecenoyl-coa,CCCCCC\C=C/CCCCCCCCCC(=O)SCCNC(=O)CCNC(=O)[C@H](O)C(C)(C)COP([O-])(=O)OP([O-])(=O)OC[C@H]1O[C@H]([C@H](O)[C@@H]1OP([O-])([O-])=O)n1cnc2c(N)ncnc12,ocdcecoa_c,CHEBI:75121
2-Oxopent-4-enoate,[O-]C(=O)C(=O)CC=C,op4en_c,CHEBI:11641
"1,2-ditetradecanoyl-sn-glycerol 3-phosphate",CCCCCCCCCCCCCC(=O)OCC(COP(O)(O)=O)OC(=O)CCCCCCCCCCCCC,pa140_c,CHEBI:62085
"1,2-ditetradecanoyl-sn-glycerol 3-phosphate",CCCCCCCCCCCCCC(=O)OCC(COP(O)(O)=O)OC(=O)CCCCCCCCCCCCC,pa140_p,CHEBI:62085
"1,2-dihexadecanoyl-sn-glycerol 3-phosphate",CCCCCCCCCCCCCCCC(=O)OC[C@H](COP([O-])([O-])=O)OC(=O)CCCCCCCCCCCCCCC,pa160_c,CHEBI:72859
"1,2-dihexadecanoyl-sn-glycerol 3-phosphate",CCCCCCCCCCCCCCCC(=O)OC[C@H](COP([O-])([O-])=O)OC(=O)CCCCCCCCCCCCCCC,pa160_p,CHEBI:72859
"1,2-dioctadecanoyl-sn-glycerol 3-phosphate",CCCCCCCCCCCCCCCCCC(=O)OC[C@H](COP([O-])([O-])=O)OC(=O)CCCCCCCCCCCCCCCCC,pa180_c,CHEBI:82921
"1,2-dioctadecanoyl-sn-glycerol 3-phosphate",CCCCCCCCCCCCCCCCCC(=O)OC[C@H](COP([O-])([O-])=O)OC(=O)CCCCCCCCCCCCCCCCC,pa180_p,CHEBI:82921
"Phosphatidylethanolamine (dihexadecanoyl, n-C16:0)",[C@](COC(=O)CCCCCCCCCCCCCCC)(OC(=O)CCCCCCCCCCCCCCC)([H])COP(OCC[NH3+])(=O)[O-],pe160_c,CHEBI:73005
"Phosphatidylethanolamine (dihexadecanoyl, n-C16:0)",[C@](COC(=O)CCCCCCCCCCCCCCC)(OC(=O)CCCCCCCCCCCCCCC)([H])COP(OCC[NH3+])(=O)[O-],pe160_p,CHEBI:73005
"Phosphatidylethanolamine (dioctadecanoyl, n-C18:0)",CCCCCCCCCCCCCCCCCC(=O)OC[C@H](COP([O-])(=O)OCC[NH3+])OC(=O)CCCCCCCCCCCCCCCCC,pe180_c,CHEBI:39934
"Phosphatidylethanolamine (dioctadecanoyl, n-C18:0)",CCCCCCCCCCCCCCCCCC(=O)OC[C@H](COP([O-])(=O)OCC[NH3+])OC(=O)CCCCCCCCCCCCCCCCC,pe180_p,CHEBI:39934
Phosphatidylethanolamine (18:1(9Z)/18:1(9Z)),O(C(=O)CCCCCCC/C=C\CCCCCCCC)[C@H](COC(=O)CCCCCCC/C=C\CCCCCCCC)COP(=O)([O-])OCC[NH3+],pe1819Z1819Z_c,CHEBI:74986
Phosphatidylethanolamine (18:1(9Z)/18:1(9Z)),O(C(=O)CCCCCCC/C=C\CCCCCCCC)[C@H](COC(=O)CCCCCCC/C=C\CCCCCCCC)COP(=O)([O-])OCC[NH3+],pe1819Z1819Z_e,CHEBI:74986
Penicilloic acid C9H12N2O5S,[H][C@]1(N[C@@H](C([O-])=O)C(C)(C)S1)[C@H](NC([*])=O)C([O-])=O,pencilca_c,CHEBI:62524
Perillyl alcohol,CC(=C)[C@H]1CCC(CO)=CC1,perillyl_c,CHEBI:10782
Perillyl alcohol,CC(=C)[C@H]1CCC(CO)=CC1,perillyl_e,CHEBI:10782
"Phosphatidylglycerol (ditetradecanoyl, n-C14:0)",C([C@H](CO)O)OP(=O)(O)OC[C@H](OC(CCCCCCCCCCCCC)=O)COC(CCCCCCCCCCCCC)=O,pg140_c,CHEBI:60723
"Phosphatidylglycerol (ditetradecanoyl, n-C14:0)",C([C@H](CO)O)OP(=O)(O)OC[C@H](OC(CCCCCCCCCCCCC)=O)COC(CCCCCCCCCCCCC)=O,pg140_p,CHEBI:60723
"Phosphatidylglycerol (dihexadecanoyl, n-C16:0)",CCCCCCCCCCCCCCCC(=O)OC[C@H](COP([O-])(=O)OC[C@@H](O)CO)OC(=O)CCCCCCCCCCCCCCC,pg160_c,CHEBI:72829
"Phosphatidylglycerol (dihexadecanoyl, n-C16:0)",CCCCCCCCCCCCCCCC(=O)OC[C@H](COP([O-])(=O)OC[C@@H](O)CO)OC(=O)CCCCCCCCCCCCCCC,pg160_p,CHEBI:72829
Pheophorbide a,CCc1c(C)c2cc3[nH]c(cc4nc([C@@H](CCC(O)=O)[C@@H]4C)c4[C@@H](C(=O)OC)C(=O)c5c(C)c(cc1n2)[nH]c45)c(C)c3C=C,phphbda_c,CHEBI:38257
Phthiocerol A,CCCCCCCCCCCCCCCCCC[C@H](O)C[C@H](O)CCCC[C@@H](C)[C@H](CC)OC,phthiocerol_c,CHEBI:59240
Peroxyaminoacrylate,C(/C=C\N)(=O)OO,poaac_c,CHEBI:59892
Propanoyl phosphate,CCC(=O)OP([O-])([O-])=O,ppap_c,CHEBI:58933
Propanoyl phosphate,CCC(=O)OP([O-])([O-])=O,ppap_e,CHEBI:58933
Prephytoene diphosphate,CC(C)=CCC\C(C)=C\CC\C(C)=C\CC\C(C)=C\C1C(COP(O)(=O)OP(O)(O)=O)C1(C)CC\C=C(/C)CC\C=C(/C)CCC=C(C)C,prephytedp_c,CHEBI:14885
7-cyano-7-carbaguanine,Nc1nc2[nH]cc(C#N)c2c(=O)[nH]1,preq0_c,CHEBI:45075
7-aminomethyl-7-deazaguanine,NCc1c[nH]c2nc(N)[nH]c(=O)c12,preq1_c,CHEBI:45126
Pristanal c,CC(C)CCCC(C)CCCC(C)CCCC(C)C=O,pristanal_c,CHEBI:49189
L-Prolinylglycine,C([C@H]1NCCC1)(=O)NCC(O)=O,progly_c,CHEBI:61695
L-Prolinylglycine,C([C@H]1NCCC1)(=O)NCC(O)=O,progly_e,CHEBI:61695
L-Prolinylglycine,C([C@H]1NCCC1)(=O)NCC(O)=O,progly_p,CHEBI:61695
"Phosphatidylserine (dihexadecanoyl, n-C16:0)",P(=O)(OC[C@H](OC(CCCCCCCCCCCCCCC)=O)COC(CCCCCCCCCCCCCCC)=O)(OC[C@@H](C([O-])=O)[NH3+])[O-],ps160_c,CHEBI:111515
"Phosphatidylserine (dihexadecanoyl, n-C16:0)",P(=O)(OC[C@H](OC(CCCCCCCCCCCCCCC)=O)COC(CCCCCCCCCCCCCCC)=O)(OC[C@@H](C([O-])=O)[NH3+])[O-],ps160_p,CHEBI:111515
"Phosphatidylserine (dioctadecanoyl, n-C18:0)",CCCCCCCCCCCCCCCCCC(=O)OC[C@H](COP(O)(=O)OC[C@H](N)C(O)=O)OC(=O)CCCCCCCCCCCCCCCCC,ps180_c,CHEBI:84519
"Phosphatidylserine (dioctadecanoyl, n-C18:0)",CCCCCCCCCCCCCCCCCC(=O)OC[C@H](COP(O)(=O)OC[C@H](N)C(O)=O)OC(=O)CCCCCCCCCCCCCCCCC,ps180_p,CHEBI:84519
Phosphatidylserine,N[C@@H](COP(O)(=O)OC[C@@H](COC([*])=O)OC([*])=O)C(O)=O,ps_cho_c,CHEBI:11750
Phosphatidylserine,N[C@@H](COP(O)(=O)OC[C@@H](COC([*])=O)OC([*])=O)C(O)=O,ps_cho_e,CHEBI:11750
Psicoselysine,[NH3+][C@@H](CCCC[NH2+]CC(=O)[C@H](O)[C@H](O)[C@H](O)CO)C([O-])=O,psclys_c,CHEBI:61403
Psicoselysine,[NH3+][C@@H](CCCC[NH2+]CC(=O)[C@H](O)[C@H](O)[C@H](O)CO)C([O-])=O,psclys_e,CHEBI:61403
Psicoselysine,[NH3+][C@@H](CCCC[NH2+]CC(=O)[C@H](O)[C@H](O)[C@H](O)CO)C([O-])=O,psclys_p,CHEBI:61403
Triaminopyrimidine triphosphate,c1ccc(cc1)-c1ccc(cc1)-c1ccccc1,ptp_c,CHEBI:52242
Pyridoxamine,C1(O)=C(C)[NH+]=CC(CO)=C1C[NH3+],pydam_c,CHEBI:131533
Pyridoxamine,C1(O)=C(C)[NH+]=CC(CO)=C1C[NH3+],pydam_e,CHEBI:131533
Pyridoxamine,C1(O)=C(C)[NH+]=CC(CO)=C1C[NH3+],pydam_p,CHEBI:131533
Pyridoxal,C1(O)=C(C)[NH+]=CC(CO)=C1C([H])=O,pydx_c,CHEBI:131530
Pyridoxal,C1(O)=C(C)[NH+]=CC(CO)=C1C([H])=O,pydx_e,CHEBI:131530
Pyridoxal,C1(O)=C(C)[NH+]=CC(CO)=C1C([H])=O,pydx_p,CHEBI:131530
Ubiquinol-10,COc1c(O)c(C)c(C\C=C(/C)CC\C=C(/C)CC\C=C(/C)CC\C=C(/C)CC\C=C(/C)CC\C=C(/C)CC\C=C(/C)CC\C=C(/C)CC\C=C(/C)CCC=C(C)C)c(O)c1OC,q10h2_c,CHEBI:64183
Ubiquinol-10,COc1c(O)c(C)c(C\C=C(/C)CC\C=C(/C)CC\C=C(/C)CC\C=C(/C)CC\C=C(/C)CC\C=C(/C)CC\C=C(/C)CC\C=C(/C)CC\C=C(/C)CCC=C(C)C)c(O)c1OC,q10h2_e,CHEBI:64183
Ubiquinone-8,COC1=C(OC)C(=O)C(C\C=C(/C)CC\C=C(/C)CC\C=C(/C)CC\C=C(/C)CC\C=C(/C)CC\C=C(/C)CC\C=C(/C)CCC=C(C)C)=C(C)C1=O,q8_c,CHEBI:61683
Ubiquinol-8,COc1c(O)c(C)c(C\C=C(/C)CC\C=C(/C)CC\C=C(/C)CC\C=C(/C)CC\C=C(/C)CC\C=C(/C)CC\C=C(/C)CCC=C(C)C)c(O)c1OC,q8h2_c,CHEBI:61682
Reduced riboflavin,Cc1cc2Nc3c([nH]c(=O)[nH]c3=O)N(C[C@H](O)[C@H](O)[C@H](O)CO)c2cc1C,rbflvrd_c,CHEBI:17607
"N1-(alpha-D-ribosyl)-5,6-dimethylbenzimidazole",Cc1cc2ncn([C@H]3O[C@H](CO)[C@@H](O)[C@H]3O)c2cc1C,rdmbzi_c,CHEBI:10329
Retinoate,CC(C=CC1=C(C)CCCC1(C)C)=CC=CC(C)=CC([O-])=O,retn_c,CHEBI:15036
Retinoate,CC(C=CC1=C(C)CCCC1(C)C)=CC=CC(C)=CC([O-])=O,retn_e,CHEBI:15036
Reduced riboflavin C17H22N4O6,Cc1cc2Nc3c([nH]c(=O)[nH]c3=O)N(C[C@H](O)[C@H](O)[C@H](O)CO)c2cc1C,ribflvRD_c,CHEBI:17607
Sulfur,[S],s_c,CHEBI:26833
Sulfur,[S],s_e,CHEBI:26833
Salicin 6-phosphate,OCc1ccccc1O[C@@H]1O[C@H](COP([O-])([O-])=O)[C@@H](O)[C@H](O)[C@H]1O,salcn6p_c,CHEBI:64794
Se-Adenosylselenomethionine,C[Se+](CC[C@H]([NH3+])C([O-])=O)C[C@H]1O[C@H]([C@H](O)[C@@H]1O)n1cnc2c(N)ncnc12,seasmet_c,CHEBI:62227
Sebacoyl Coenzyme A,CC(C)(COP([O-])(=O)OP([O-])(=O)OC[C@H]1O[C@H]([C@H](O)[C@@H]1OP([O-])([O-])=O)n1cnc2c(N)ncnc12)[C@@H](O)C(=O)NCCC(=O)NCCSC(=O)CCCCCCCCC([O-])=O,sebcoa_c,CHEBI:76316
Selenate,[O-][Se]([O-])(=O)=O,sel_c,CHEBI:15075
Selenate,[O-][Se]([O-])(=O)=O,sel_e,CHEBI:15075
Selenate,[O-][Se]([O-])(=O)=O,sel_p,CHEBI:15075
Selenide,[Se--],seln_c,CHEBI:15076
Ser Ala C6H12N2O4,C[C@H](NC(=O)[C@@H](N)CO)C(O)=O,ser_L_ala__L_c,CHEBI:74801
Ser Gln C8H15N3O5,N[C@@H](CO)C(=O)N[C@@H](CCC(N)=O)C(O)=O,ser_L_gln__L_c,CHEBI:74808
Ser His C9H14N4O4,N[C@@H](CO)C(=O)N[C@@H](Cc1c[nH]cn1)C(O)=O,ser_L_his__L_c,CHEBI:73651
Ser Ile C9H18N2O4,N([C@H](C(O)=O)[C@@H](C)CC)C([C@@H](N)CO)=O,ser_L_ile__L_c,CHEBI:90326
Ser Leu C9H18N2O4,CC(C)C[C@H](NC(=O)[C@@H](N)CO)C(O)=O,ser_L_leu__L_c,CHEBI:74815
Ser Met C8H16N2O4S,CSCC[C@H](NC(=O)[C@@H](N)CO)C(O)=O,ser_L_met__L_c,CHEBI:74817
Ser Phe C12H16N2O4,N[C@@H](CO)C(=O)N[C@@H](Cc1ccccc1)C(O)=O,ser_L_phe__L_c,CHEBI:71029
Ser Ser C6H12N2O5,N[C@@H](CO)C(=O)N[C@@H](CO)C(O)=O,ser_L_ser__L_c,CHEBI:73653
Ser Tyr C12H16N2O5,N[C@@H](CO)C(=O)N[C@@H](Cc1ccc(O)cc1)C(O)=O,ser_L_tyr__L_c,CHEBI:73652
Ser Val C8H16N2O4,CC(C)[C@H](NC(=O)[C@@H](N)CO)C(O)=O,ser_L_val__L_c,CHEBI:74823
Sulfonated tetra-acyl trehalose,CCCCCCCCCCCCCCCC[C@H](C)C[C@H](C)C[C@H](C)C[C@H](C)C[C@H](C)C[C@H](C)C[C@H](C)C[C@H](C)C(=O)OC[C@H]1O[C@H](O[C@H]2O[C@H](COC(=O)[C@@H](C)C[C@@H](C)C[C@@H](C)C[C@@H](C)C[C@@H](C)C[C@@H](C)C[C@@H](C)C[C@@H](C)[C@H](O)CCCCCCCCCCCCCCC)[C@@H](O)[C@H](O)[C@H]2OS(O)(=O)=O)[C@H](OC(=O)CCCCCCCCCCCCCCC)[C@@H](OC(=O)[C@@H](C)C[C@@H](C)C[C@@H](C)C[C@@H](C)C[C@@H](C)C[C@@H](C)C[C@@H](C)C[C@@H](C)[C@H](O)CCCCCCCCCCCCCCC)[C@@H]1O,sl1_c,CHEBI:26828
Sulfur dioxide,O=S=O,so2_c,CHEBI:18422
Sulfur dioxide,O=S=O,so2_e,CHEBI:18422
Sulfur dioxide,O=S=O,so2_p,CHEBI:18422
L Sorbose C6H12O6,OC[C@@]1(O)OC[C@H](O)[C@@H](O)[C@@H]1O,srb__L_c,CHEBI:10295
L Sorbose C6H12O6,OC[C@@]1(O)OC[C@H](O)[C@@H](O)[C@@H]1O,srb__L_e,CHEBI:10295
Sucrose 6-phosphate,[C@H]1([C@](O[C@@H]([C@H]1O)CO)(CO)O[C@@H]2[C@@H]([C@H]([C@@H]([C@H](O2)COP(=O)(O)O)O)O)O)O,suc6p_c,CHEBI:131603
Triacylglycerol (16:0/18:1(9Z)/16:0),CCCCCCCCCCCCCCCC(=O)OCC(COC(=O)CCCCCCCCCCCCCCC)OC(=O)CCCCCCC\C=C/CCCCCCCC,tag1601819Z160_c,CHEBI:75688
Triacylglycerol (16:0/18:1(9Z)/18:0),CCCCCCCCCCCCCCCCCC(=O)OC[C@@H](COC(=O)CCCCCCCCCCCCCCC)OC(=O)CCCCCCC\C=C/CCCCCCCC,tag1601819Z180_c,CHEBI:77623
Triacylglycerol (16:0/18:1(9Z)/18:1(9Z)),CCCCCCCCCCCCCCCC(=O)OC[C@H](COC(=O)CCCCCCC\C=C/CCCCCCCC)OC(=O)CCCCCCC\C=C/CCCCCCCC,tag1601819Z1819Z_c,CHEBI:75847
Triacylglycerol (18:0/18:1(9Z)/18:1(9Z)),O([C@H](COC(CCCCCCCCCCCCCCCCC)=O)COC(=O)CCCCCCC/C=C\CCCCCCCC)C(=O)CCCCCCC/C=C\CCCCCCCC,tag1801819Z1819Z_c,CHEBI:89970
Triacylglycerol (18:1(9Z)/18:1(9Z)/16:0),CCCCCCCCCCCCCCCC(=O)OC[C@@H](COC(=O)CCCCCCC\C=C/CCCCCCCC)OC(=O)CCCCCCC\C=C/CCCCCCCC,tag1819Z1819Z160_c,CHEBI:75583
Triacylglycerol (18:1(9Z)/18:1(9Z)/18:0),CCCCCCCCCCCCCCCCCC(=O)OC[C@@H](COC(=O)CCCCCCC\C=C/CCCCCCCC)OC(=O)CCCCCCC\C=C/CCCCCCCC,tag1819Z1819Z180_c,CHEBI:77686
Tricarballylate,OC(=O)CC(CC(O)=O)C(O)=O,tcb_c,CHEBI:45969
Tricarballylate,OC(=O)CC(CC(O)=O)C(O)=O,tcb_e,CHEBI:45969
Tricarballylate,OC(=O)CC(CC(O)=O)C(O)=O,tcb_p,CHEBI:45969
Taurodeoxycholate,[H][C@]12CC[C@@]3([H])[C@]4([H])CC[C@]([H])([C@H](C)CCC(=O)NCCS([O-])(=O)=O)[C@@]4(C)[C@@H](O)C[C@]3([H])[C@@]1(C)CC[C@@H](O)C2,tdechola_c,CHEBI:36261
Taurodeoxycholate,[H][C@]12CC[C@@]3([H])[C@]4([H])CC[C@]([H])([C@H](C)CCC(=O)NCCS([O-])(=O)=O)[C@@]4(C)[C@@H](O)C[C@]3([H])[C@@]1(C)CC[C@@H](O)C2,tdechola_e,CHEBI:36261
Tdp,Cc1cn([C@@H]2O[C@H](COP(O)(=O)OP(O)(O)=O)[C@@H](O)[C@H]2O)c(=O)[nH]c1=O,tdp_c,CHEBI:61377
Thioguanine,Nc1nc2[nH]cnc2c(=S)[nH]1,tgua_c,CHEBI:9555
Thioguanine,Nc1nc2[nH]cnc2c(=S)[nH]1,tgua_e,CHEBI:9555
"2,3,4,5-Tetrahydrodipicolinate",[O-]C(=O)C1CCCC(=N1)C([O-])=O,thdp_c,CHEBI:11408
Tetrahydromonapterin,Nc1nc2NCC(Nc2c(=O)[nH]1)[C@H](O)[C@@H](O)CO,thmnp_c,CHEBI:71177
Thr Gln C9H17N3O5,C[C@@H](O)[C@H](N)C(=O)N[C@@H](CCC(N)=O)C(O)=O,thr_L_gln__L_c,CHEBI:74855
Thr Leu C10H20N2O4,CC(C)C[C@H](NC(=O)[C@@H](N)[C@@H](C)O)C(O)=O,thr_L_leu__L_c,CHEBI:74860
Thr Met C9H18N2O4S,CSCC[C@H](NC(=O)[C@@H](N)[C@@H](C)O)C(O)=O,thr_L_met__L_c,CHEBI:74861
Thr Phe C13H18N2O4,C[C@@H](O)[C@H](N)C(=O)N[C@@H](Cc1ccccc1)C(O)=O,thr_L_phe__L_c,CHEBI:74862
Thr Thr C8H16N2O5,C[C@@H](O)[C@H](N)C(=O)N[C@@H]([C@@H](C)O)C(O)=O,thr_L_thr__L_c,CHEBI:73665
(-)threo-iso(homo)2citrate,O[C@H]([C@H](CCCC(O)=O)C(O)=O)C(O)=O,tih2cit_c,CHEBI:72713
Tridecanoate C13H25O2,CCCCCCCCCCCCC([O-])=O,trdca_c,CHEBI:125832
Tridecanal C13H26O,[H]C(=O)CCCCCCCCCCCC,trdcal_c,CHEBI:89816
Trehalose 2 sulfate,OC[C@H]1O[C@H](O[C@H]2O[C@H](CO)[C@@H](O)[C@H](O)[C@H]2OS([O-])(=O)=O)[C@H](O)[C@@H](O)[C@@H]1O,tres_c,CHEBI:60091
Tetradecanal C14H28O,CCCCCCCCCCCCCC=O,ttdcal_c,CHEBI:84067
Tetradecanoyl carnitine,CCCCCCCCCCCCCC(=O)O[C@H](CC([O-])=O)C[N+](C)(C)C,ttdcrn_c,CHEBI:84634
Tetradecanoyl carnitine,CCCCCCCCCCCCCC(=O)O[C@H](CC([O-])=O)C[N+](C)(C)C,ttdcrn_e,CHEBI:84634
"UDP-2,3-bis(3-hydroxytetradecanoyl)glucosamine",CCCCCCCCCCC[C@@H](O)CC(=O)N[C@H]1[C@@H](OP([O-])(=O)OP([O-])(=O)OC[C@H]2O[C@H]([C@H](O)[C@@H]2O)n2ccc(=O)[nH]c2=O)O[C@H](CO)[C@@H](O)[C@@H]1OC(=O)C[C@H](O)CCCCCCCCCCC,u23ga_c,CHEBI:78847
UDP-3-O-(3-hydroxytetradecanoyl)-N-acetylglucosamine,CCCCCCCCCCC[C@@H](O)CC(=O)O[C@H]1[C@H](O)[C@@H](CO)O[C@H](OP([O-])(=O)OP([O-])(=O)OC[C@H]2O[C@H]([C@H](O)[C@@H]2O)n2ccc(=O)[nH]c2=O)[C@@H]1NC(C)=O,u3aga_c,CHEBI:61494
UDP-N-acetylmuramoyl-L-alanyl-D-glutamyl-L-lysine,C[C@H](NC(=O)[C@@H](C)O[C@H]1[C@H](O)[C@@H](CO)O[C@H](OP(O)(=O)OP(O)(=O)OC[C@H]2O[C@H]([C@H](O)[C@@H]2O)n2ccc(=O)[nH]c2=O)[C@@H]1NC(C)=O)C(=O)N[C@H](CCC(O)=O)C(=O)N[C@@H](CCCCN)C(O)=O,uAgl_c,CHEBI:9837
UDP-N-acetylmuramoyl-L-alanyl-D-glutamyl-L-lysyl-D-alanyl-D-alanine,C[C@@H](NC(=O)[C@@H](C)NC(=O)[C@H](CCCC[NH3+])NC(=O)CC[C@@H](NC(=O)[C@H](C)NC(=O)[C@@H](C)O[C@H]1[C@H](O)[C@@H](CO)O[C@H](OP([O-])(=O)OP([O-])(=O)OC[C@H]2O[C@H]([C@H](O)[C@@H]2O)n2ccc(=O)[nH]c2=O)[C@@H]1NC(C)=O)C([O-])=O)C([O-])=O,uAgla_c,CHEBI:70758
"Undecaprenyl-diphospho-N-acetylmuramoyl-L-alanyl-D-glutamyl-meso-2,6-diaminopimeloyl-D-alanyl-D-alanine",C[C@@H](NC(=O)[C@@H](C)NC(=O)[C@H](CCC[C@@H]([NH3+])C([O-])=O)NC(=O)CC[C@@H](NC(=O)[C@H](C)NC(=O)[C@@H](C)O[C@H]1[C@H](O)[C@@H](CO)O[C@H](OP([O-])(=O)OP([O-])(=O)OC\C=C(\C)CC\C=C(\C)CC\C=C(\C)CC\C=C(\C)CC\C=C(\C)CC\C=C(\C)CC\C=C(\C)CC\C=C(\C)CC\C=C(/C)CC\C=C(/C)CCC=C(C)C)[C@@H]1NC(C)=O)C([O-])=O)C([O-])=O,uagmda_c,CHEBI:61387
Undecanoate C11H21O2,CCCCCCCCCCC(O)=O,udca_c,CHEBI:32368
Undecanal C11H22O,CCCCCCCCCCC=O,udcal_c,CHEBI:46202
Uridine 5''-diphospho-{beta}-4-deoxy-4-formamido-L-arabinose,[H]C(=O)N[C@H]1CO[C@H](OP(O)(=O)OP(O)(=O)OC[C@H]2O[C@H]([C@H](O)[C@@H]2O)n2ccc(=O)[nH]c2=O)[C@H](O)[C@H]1O,udpLa4fn_c,CHEBI:47027
Uridine 5''-diphospho-{beta}-4-deoxy-4-amino-L-arabinose,N[C@H]1CO[C@H](OP(O)(=O)OP(O)(=O)OC[C@H]2O[C@H]([C@H](O)[C@@H]2O)n2ccc(=O)[nH]c2=O)[C@H](O)[C@H]1O,udpLa4n_c,CHEBI:47025
UDP-4-keto-pyranose,O[C@@H]1[C@@H](COP(O)(=O)OP(O)(=O)O[C@H]2OCC(=O)[C@H](O)[C@H]2O)O[C@H]([C@@H]1O)n1ccc(=O)[nH]c1=O,udpLa4o_c,CHEBI:47028
"UDP-D-galacto-1,4-furanose",[H][C@]1(O[C@H](OP([O-])(=O)OP([O-])(=O)OC[C@H]2O[C@H]([C@H](O)[C@@H]2O)n2ccc(=O)[nH]c2=O)[C@H](O)[C@H]1O)[C@H](O)CO,udpgalfur_c,CHEBI:66915
UDP-glucosamine,N[C@H]1[C@@H](OP(O)(=O)OP(O)(=O)OC[C@H]2O[C@H]([C@H](O)[C@@H]2O)n2ccc(=O)[nH]c2=O)O[C@H](CO)[C@@H](O)[C@@H]1O,ugam_c,CHEBI:13497
Undecaprenyl diphospho N-acetyl-glucosamine,CC(=O)N[C@@H]1[C@@H](O)[C@H](O)[C@@H](CO)O[C@@H]1OP(O)(=O)OP(O)(=O)OC\C=C(\C)CC\C=C(\C)CC\C=C(\C)CC\C=C(\C)CC\C=C(\C)CC\C=C(\C)CC\C=C(\C)CC\C=C(\C)CC\C=C(/C)CC\C=C(/C)CCC=C(C)C,unaga_c,CHEBI:62958
Undecaprenyl-diphospho-N-acetylglucosamine-N-acetylmannosaminuronate,CC(=O)N[C@H]1[C@@H](O)[C@H](O)[C@H](O[C@H]1O[C@H]1[C@H](O)[C@@H](NC(C)=O)[C@H](O[C@@H]1CO)OP([O-])(=O)OP([O-])(=O)OC\C=C(\C)CC\C=C(\C)CC\C=C(\C)CC\C=C(\C)CC\C=C(\C)CC\C=C(\C)CC\C=C(\C)CC\C=C(\C)CC\C=C(/C)CC\C=C(/C)CCC=C(C)C)C([O-])=O,unagamu_c,CHEBI:61495
Ureidoacrylate peracid,NC(=O)N\C=C/C(=O)OO,uracp_c,CHEBI:59889
XDP,O[C@@H]1[C@@H](COP(O)(=O)OP(O)(O)=O)O[C@H]([C@@H]1O)n1cnc2c1[nH]c(=O)[nH]c2=O,xdp_c,CHEBI:10048
XTP,O[C@@H]1[C@@H](COP(O)(=O)OP(O)(=O)OP(O)(O)=O)O[C@H]([C@@H]1O)n1cnc2c1[nH]c(=O)[nH]c2=O,xtp_c,CHEBI:10049
Xylotriose,O[C@@H]1CO[C@@H](O[C@@H]2CO[C@@H](O[C@@H]3CO[C@@H](O)[C@H](O)[C@H]3O)[C@H](O)[C@H]2O)[C@H](O)[C@H]1O,xyl3_c,CHEBI:62797
Xylotriose,O[C@@H]1CO[C@@H](O[C@@H]2CO[C@@H](O[C@@H]3CO[C@@H](O)[C@H](O)[C@H]3O)[C@H](O)[C@H]2O)[C@H](O)[C@H]1O,xyl3_e,CHEBI:62797
Xylotetraose,O[C@@H]1CO[C@@H](O[C@@H]2CO[C@@H](O[C@@H]3CO[C@@H](O[C@@H]4COC(O)[C@H](O)[C@H]4O)[C@H](O)[C@H]3O)[C@H](O)[C@H]2O)[C@H](O)[C@H]1O,xyl4_c,CHEBI:62972
D-Xylose,O[C@@H]1COC(O)[C@H](O)[C@H]1O,xyl__D_c,CHEBI:53455
D-Xylose,O[C@@H]1COC(O)[C@H](O)[C@H]1O,xyl__D_e,CHEBI:53455
D-Xylose,O[C@@H]1COC(O)[C@H](O)[C@H]1O,xyl__D_p,CHEBI:53455
